INSERT INTO public.coin (id, circulating_supply, dataavailable, image, market_cap, name, percent_change_1h, percent_change_24h, percent_change_7d, price, rank, symbol, volume_24h) VALUES (100000, 17309712.00, true, 'https://www.cryptocompare.com/media/19633/btc.png', 113779074057.00, 'Bitcoin', 0.09, -0.24, -0.64, 6573.13501559, 1, 'BTC', 3288213508.50);
INSERT INTO public.coin (id, circulating_supply, dataavailable, image, market_cap, name, percent_change_1h, percent_change_24h, percent_change_7d, price, rank, symbol, volume_24h) VALUES (100001, 102423488.00, true, 'https://www.cryptocompare.com/media/20646/eth_logo.png', 22917122802.00, 'Ethereum', 0.11, -0.51, -4.49, 223.748705011, 2, 'ETH', 1546505631.74);
INSERT INTO public.coin (id, circulating_supply, dataavailable, image, market_cap, name, percent_change_1h, percent_change_24h, percent_change_7d, price, rank, symbol, volume_24h) VALUES (100002, 39935410492.00, true, 'https://www.cryptocompare.com/media/34477776/xrp.png', 19115997608.00, 'XRP', 0.28, -3.79, -19.62, 0.4786728713, 3, 'XRP', 729307426.23);
INSERT INTO public.coin (id, circulating_supply, dataavailable, image, market_cap, name, percent_change_1h, percent_change_24h, percent_change_7d, price, rank, symbol, volume_24h) VALUES (100003, 17389313.00, false, 'https://www.cryptocompare.com/media/1383919/12-bitcoin-cash-square-crop-small-grn.png', 8911316837.00, 'Bitcoin Cash', 0.13, 0.33, -4.58, 512.459410755, 4, 'BCH', 410414696.53);
INSERT INTO public.coin (id, circulating_supply, dataavailable, image, market_cap, name, percent_change_1h, percent_change_24h, percent_change_7d, price, rank, symbol, volume_24h) VALUES (100004, 906245118.00, true, 'https://www.cryptocompare.com/media/1383652/eos_1.png', 5154669454.00, 'EOS', 0.17, -0.46, -2.06, 5.6879417653, 5, 'EOS', 481019033.13);
INSERT INTO public.coin (id, circulating_supply, dataavailable, image, market_cap, name, percent_change_1h, percent_change_24h, percent_change_7d, price, rank, symbol, volume_24h) VALUES (100005, 18806826278.00, true, 'https://www.cryptocompare.com/media/20696/str.png', 4539579363.00, 'Stellar', 0.96, -0.34, -6.79, 0.2413793426, 6, 'XLM', 32764739.61);
INSERT INTO public.coin (id, circulating_supply, dataavailable, image, market_cap, name, percent_change_1h, percent_change_24h, percent_change_7d, price, rank, symbol, volume_24h) VALUES (100006, 58619052.00, true, 'https://www.cryptocompare.com/media/19782/litecoin-logo.png', 3411858925.00, 'Litecoin', 0.26, 1.26, -4.86, 58.203925209, 7, 'LTC', 418972535.07);
INSERT INTO public.coin (id, circulating_supply, dataavailable, image, market_cap, name, percent_change_1h, percent_change_24h, percent_change_7d, price, rank, symbol, volume_24h) VALUES (100007, 2806421736.00, false, 'https://www.cryptocompare.com/media/1383672/usdt.png', 2804713299.00, 'Tether', 0.14, -0, 0.1, 0.9993912404, 8, 'USDT', 2312072487.06);
INSERT INTO public.coin (id, circulating_supply, dataavailable, image, market_cap, name, percent_change_1h, percent_change_24h, percent_change_7d, price, rank, symbol, volume_24h) VALUES (100008, 25927070538.00, true, 'https://www.cryptocompare.com/media/12318177/ada.png', 2111391366.00, 'Cardano', 0.39, -0.06, -4.95, 0.0814357859, 9, 'ADA', 18700482.54);
INSERT INTO public.coin (id, circulating_supply, dataavailable, image, market_cap, name, percent_change_1h, percent_change_24h, percent_change_7d, price, rank, symbol, volume_24h) VALUES (100009, 16469054.00, false, 'https://www.cryptocompare.com/media/19969/xmr.png', 1875512982.00, 'Monero', 0.39, -0.08, -1.67, 113.881037538, 10, 'XMR', 24314572.56);


INSERT INTO public.ico (id, description, icoend, icostart, logolink, name, page, preicoend, preicostart, rating, website_link, data_id) VALUES (4963, 'INFLEUM is an open source brand publishing and marketing agent platform based on blockchains that provides 8 DAPP services by ELSOL COMPANY.', '2018-12-01 05:00:00.000000', '2018-11-01 05:00:00.000000', 'https://icobench.com/images/icos/icons/infleum.jpg', 'Infleum', 1, '2018-11-01 05:00:00.000000', '2018-09-03 05:00:00.000000', 4.5, 'https://icobench.com/ico/infleum', 100010);
INSERT INTO public.ico (id, description, icoend, icostart, logolink, name, page, preicoend, preicostart, rating, website_link, data_id) VALUES (3612, 'OPP Open WiFi is a community driven service with the sole purpose of creating a global, free to access open WiFi hotspot network.', '2018-11-30 00:00:00.000000', '2018-08-14 00:00:00.000000', 'https://icobench.com/images/icos/icons/oppopenwifi.jpg', 'OPP Open WiFi', 1, '2018-08-14 00:00:00.000000', '2018-07-14 00:00:00.000000', 4.6, 'https://icobench.com/ico/oppopenwifi', 100025);
INSERT INTO public.ico (id, description, icoend, icostart, logolink, name, page, preicoend, preicostart, rating, website_link, data_id) VALUES (364, 'Powerful Platform for Data Scalable Decentralized Applications supporting Privacy Management.', null, null, 'https://icobench.com/images/icos/icons/papyrus.jpg', 'Papyrus', 1, '2018-09-15 23:55:00.000000', '2018-03-21 14:00:00.000000', 4, 'https://icobench.com/ico/papyrus', 100044);
INSERT INTO public.ico (id, description, icoend, icostart, logolink, name, page, preicoend, preicostart, rating, website_link, data_id) VALUES (4488, 'Global decentralized ecosystem based on blockchain, where talented cryptoinvestors earn together with talents.', '2019-03-18 00:00:00.000000', '2018-12-18 00:00:00.000000', 'https://icobench.com/images/icos/icons/talentico.jpg', 'Talentico', 1, null, null, 4.6, 'https://icobench.com/ico/talentico', 100072);
INSERT INTO public.ico (id, description, icoend, icostart, logolink, name, page, preicoend, preicostart, rating, website_link, data_id) VALUES (3819, 'Bridging the gap between traditional and decentralized finances.', '2018-12-30 00:00:00.000000', '2018-10-01 00:00:00.000000', 'https://icobench.com/images/icos/icons/ternion.jpg', 'Ternion', 1, '2018-09-30 00:00:00.000000', '2018-06-29 00:00:00.000000', 3.6, 'https://icobench.com/ico/ternion', 100143);
INSERT INTO public.ico (id, description, icoend, icostart, logolink, name, page, preicoend, preicostart, rating, website_link, data_id) VALUES (4199, 'Using VR, AI, and Blockchain technologies to provide psychological rehabilitation for vulnerable populations.', '2018-12-14 22:00:00.000000', '2018-11-15 13:00:00.000000', 'https://icobench.com/images/icos/icons/virtual-rehab.jpg', 'Virtual Rehab', 1, '2018-11-14 22:00:00.000000', '2018-11-01 13:00:00.000000', 4.6, 'https://icobench.com/ico/virtual-rehab', 100158);
INSERT INTO public.ico (id, description, icoend, icostart, logolink, name, page, preicoend, preicostart, rating, website_link, data_id) VALUES (3159, 'World Bit Bank project will create a group of cryptocurrency banks by acquiring existing banks in different countries to service cryptocurrency customers.', '2018-12-31 00:00:00.000000', '2018-09-01 00:00:00.000000', 'https://icobench.com/images/icos/icons/world-bit-bank.jpg', 'World Bit Bank', 1, '2018-06-27 00:00:00.000000', '2018-04-27 00:00:00.000000', 4.4, 'https://icobench.com/ico/world-bit-bank', 100176);

INSERT INTO public.idata (id, intro) VALUES (100010, 'INFLEUM is executed by ELSOLCOM, a company that specializes in growing start-up’s and SMEs. ELSOLCOM, through its internal support and collaborative efforts, has established diverse references and clientele that are undergoing a large scale of qualitative and quantitative prosperity.\r\nHenceforth, through the decentralized INFLEUM Platform, businesses will overcome regional/physical obstacles, and will be able to provide advertisement/marketing services specific to diverse clients needs.\r\nBy ...');
INSERT INTO public.idata (id, intro) VALUES (100025, 'OPP Open WiFi is a community driven service with the sole purpose of creating a global, free to access open WiFi hotspot network and rewarding each contributor for being a part of our cause.\r\n\r\nThere are close to 2.5 billion smartphone users globally, 80% of which are active on social media.\r\n\r\nWi-Fi access has become part of our daily lives. Yet amazingly 76% of us frequently find ourselves in a position where access is not available, or where access is blocked by a demand for payment.\...');
INSERT INTO public.idata (id, intro) VALUES (100044, 'Papyrus is an open source scalable blockchain platform specifically designed to fight all the issues of digital advertising market - fraud traffic, brand safety issues, excessive middleman cuts, and absence of supply chain transparency. Unlike other existing blockchains Papyrus has unique features that make it feasible solution for practical adoption: low transaction costs, privacy management, execution of smart contracts based on large volume of data. Papyrus connects advertisers, publishers, a...');
INSERT INTO public.idata (id, intro) VALUES (100072, 'In the light of the fact that FinTech has created incredibly large-scale of capabilities, TALENTICO launches T2T (Talent to Talent) Global Platform. \r\n\r\nAs a part of TALENTICO ecosystem any business can support the project and accept TALENT token as the means of payment.\r\n\r\nOne of the most powerful indicators in TALENTICO project is our MVP. GEM FEST – (One of the most popular electronic music festivals in the world) - with its quarter of million followers is ready to accept TAL (Talenti...');
INSERT INTO public.idata (id, intro) VALUES (100143, 'We, as a team, are constantly trying to be ahead of the market. Pushing our boundries in order to achive what everyone else is only trying to. \r\nBy putting trust into us, you form the future where we will stand all together tomorrow.\r\n\r\nYou can get the first experience of the exchange platform here and see how the first version will look. Not only the exchange is comfortable for the institutional players, but it’s convenient and easy for any of the retail investors, as it comes with a mobi...');
INSERT INTO public.idata (id, intro) VALUES (100158, 'Virtual Rehab''s evidence-based solution leverages the advancements in virtual reality, artificial intelligence, and blockchain technologies for pain management, prevention of substance use disorders, and rehabilitation of repeat offenders. \r\n\r\nOur all-encompassing solution currently serves the B2B market (Rehab Centers, Hospitals, Correctional Departments, etc.).\r\n\r\nIn addition, post-ICO, using blockchain technology, we will also be able to reach out to these vulnerable populations direc...');
INSERT INTO public.idata (id, intro) VALUES (100176, 'Vitsolutions, LLC has been conducting technical development of the World Bit Bank project and researching innovative financial technologies and the blockchain technology since 2016. World Bit Group which manages the World Bit Bank was established in 2018. It was registered in the EU and holds the Virtual currency against fiat currency exchange license and the Virtual currency wallet service license. Being under European jurisdiction, all real and digital assets of investors will have the highest...');


INSERT INTO public.idata_categories (idata_id, categories, categories_key) VALUES (100010, 'Smart Contract', 'name');
INSERT INTO public.idata_categories (idata_id, categories, categories_key) VALUES (100010, '28', 'id');
INSERT INTO public.idata_categories (idata_id, categories, categories_key) VALUES (100025, 'Software', 'name');
INSERT INTO public.idata_categories (idata_id, categories, categories_key) VALUES (100025, '5', 'id');
INSERT INTO public.idata_categories (idata_id, categories, categories_key) VALUES (100044, 'Software', 'name');
INSERT INTO public.idata_categories (idata_id, categories, categories_key) VALUES (100044, '5', 'id');
INSERT INTO public.idata_categories (idata_id, categories, categories_key) VALUES (100072, 'Sports', 'name');
INSERT INTO public.idata_categories (idata_id, categories, categories_key) VALUES (100072, '20', 'id');
INSERT INTO public.idata_categories (idata_id, categories, categories_key) VALUES (100143, 'Platform', 'name');
INSERT INTO public.idata_categories (idata_id, categories, categories_key) VALUES (100143, '17', 'id');
INSERT INTO public.idata_categories (idata_id, categories, categories_key) VALUES (100158, 'Virtual Reality', 'name');
INSERT INTO public.idata_categories (idata_id, categories, categories_key) VALUES (100158, '25', 'id');
INSERT INTO public.idata_categories (idata_id, categories, categories_key) VALUES (100176, 'Banking', 'name');
INSERT INTO public.idata_categories (idata_id, categories, categories_key) VALUES (100176, '3', 'id');


INSERT INTO public.idata_finance (idata_id, finance, finance_key) VALUES (100010, '3,000,000 USD', 'softcap');
INSERT INTO public.idata_finance (idata_id, finance, finance_key) VALUES (100010, '18,000,000 USD', 'hardcap');
INSERT INTO public.idata_finance (idata_id, finance, finance_key) VALUES (100010, '1 IFUM = 0.02 USD', 'price');
INSERT INTO public.idata_finance (idata_id, finance, finance_key) VALUES (100010, 'als', 'bonus');
INSERT INTO public.idata_finance (idata_id, finance, finance_key) VALUES (100010, '0', 'raised');
INSERT INTO public.idata_finance (idata_id, finance, finance_key) VALUES (100010, '0000000', 'tokens');
INSERT INTO public.idata_finance (idata_id, finance, finance_key) VALUES (100010, 'ERC20', 'tokentype');
INSERT INTO public.idata_finance (idata_id, finance, finance_key) VALUES (100010, 'Ethereum', 'platform');
INSERT INTO public.idata_finance (idata_id, finance, finance_key) VALUES (100010, 'IFUM', 'token');
INSERT INTO public.idata_finance (idata_id, finance, finance_key) VALUES (100010, 'ETH, BTC, BCH, LTC, ETC', 'accepting');
INSERT INTO public.idata_finance (idata_id, finance, finance_key) VALUES (100025, '4,000,000 USD', 'softcap');
INSERT INTO public.idata_finance (idata_id, finance, finance_key) VALUES (100025, '40,000,000 USD', 'hardcap');
INSERT INTO public.idata_finance (idata_id, finance, finance_key) VALUES (100025, '1 OPP = 0.00174 ETH', 'price');
INSERT INTO public.idata_finance (idata_id, finance, finance_key) VALUES (100025, 'ru', 'bonus');
INSERT INTO public.idata_finance (idata_id, finance, finance_key) VALUES (100025, '0', 'raised');
INSERT INTO public.idata_finance (idata_id, finance, finance_key) VALUES (100025, '4200000', 'tokens');
INSERT INTO public.idata_finance (idata_id, finance, finance_key) VALUES (100025, 'ERC20', 'tokentype');
INSERT INTO public.idata_finance (idata_id, finance, finance_key) VALUES (100025, 'Ethereum', 'platform');
INSERT INTO public.idata_finance (idata_id, finance, finance_key) VALUES (100025, 'OPP', 'token');
INSERT INTO public.idata_finance (idata_id, finance, finance_key) VALUES (100025, 'BTC, ETH, Fiat', 'accepting');
INSERT INTO public.idata_finance (idata_id, finance, finance_key) VALUES (100044, '""', 'softcap');
INSERT INTO public.idata_finance (idata_id, finance, finance_key) VALUES (100044, '17,500,000 USD', 'hardcap');
INSERT INTO public.idata_finance (idata_id, finance, finance_key) VALUES (100044, '1 PPR = 0.055 USD', 'price');
INSERT INTO public.idata_finance (idata_id, finance, finance_key) VALUES (100044, 'als', 'bonus');
INSERT INTO public.idata_finance (idata_id, finance, finance_key) VALUES (100044, '0', 'raised');
INSERT INTO public.idata_finance (idata_id, finance, finance_key) VALUES (100044, '5000000', 'tokens');
INSERT INTO public.idata_finance (idata_id, finance, finance_key) VALUES (100044, 'ERC20', 'tokentype');
INSERT INTO public.idata_finance (idata_id, finance, finance_key) VALUES (100044, 'Ethereum', 'platform');
INSERT INTO public.idata_finance (idata_id, finance, finance_key) VALUES (100044, 'PPR', 'token');
INSERT INTO public.idata_finance (idata_id, finance, finance_key) VALUES (100044, 'ETH, BTC', 'accepting');
INSERT INTO public.idata_finance (idata_id, finance, finance_key) VALUES (100072, '20,000,000 USD', 'softcap');
INSERT INTO public.idata_finance (idata_id, finance, finance_key) VALUES (100072, '70,000,000 USD', 'hardcap');
INSERT INTO public.idata_finance (idata_id, finance, finance_key) VALUES (100072, '1 TAL = 0.01 USD', 'price');
INSERT INTO public.idata_finance (idata_id, finance, finance_key) VALUES (100072, 'ru', 'bonus');
INSERT INTO public.idata_finance (idata_id, finance, finance_key) VALUES (100072, '0', 'raised');
INSERT INTO public.idata_finance (idata_id, finance, finance_key) VALUES (100072, '20000000', 'tokens');
INSERT INTO public.idata_finance (idata_id, finance, finance_key) VALUES (100072, 'ERC20', 'tokentype');
INSERT INTO public.idata_finance (idata_id, finance, finance_key) VALUES (100072, 'Ethereum', 'platform');
INSERT INTO public.idata_finance (idata_id, finance, finance_key) VALUES (100072, 'TAL', 'token');
INSERT INTO public.idata_finance (idata_id, finance, finance_key) VALUES (100072, 'ETH, BTC, Fiat', 'accepting');
INSERT INTO public.idata_finance (idata_id, finance, finance_key) VALUES (100143, '5,000,000 USD', 'softcap');
INSERT INTO public.idata_finance (idata_id, finance, finance_key) VALUES (100143, '30,000,000 USD', 'hardcap');
INSERT INTO public.idata_finance (idata_id, finance, finance_key) VALUES (100143, '1 TRN = 3.23 USD', 'price');
INSERT INTO public.idata_finance (idata_id, finance, finance_key) VALUES (100143, 'ru', 'bonus');
INSERT INTO public.idata_finance (idata_id, finance, finance_key) VALUES (100143, '0', 'raised');
INSERT INTO public.idata_finance (idata_id, finance, finance_key) VALUES (100143, '600000', 'tokens');
INSERT INTO public.idata_finance (idata_id, finance, finance_key) VALUES (100143, 'ERC20', 'tokentype');
INSERT INTO public.idata_finance (idata_id, finance, finance_key) VALUES (100143, 'Ethereum', 'platform');
INSERT INTO public.idata_finance (idata_id, finance, finance_key) VALUES (100143, 'TRN', 'token');
INSERT INTO public.idata_finance (idata_id, finance, finance_key) VALUES (100143, 'ETH, BTC, LTC, BCH', 'accepting');
INSERT INTO public.idata_finance (idata_id, finance, finance_key) VALUES (100158, '5,000,000 USD', 'softcap');
INSERT INTO public.idata_finance (idata_id, finance, finance_key) VALUES (100158, '20,000,000 USD', 'hardcap');
INSERT INTO public.idata_finance (idata_id, finance, finance_key) VALUES (100158, '1 VRH = 0.1 USD', 'price');
INSERT INTO public.idata_finance (idata_id, finance, finance_key) VALUES (100158, 'ru', 'bonus');
INSERT INTO public.idata_finance (idata_id, finance, finance_key) VALUES (100158, '0', 'raised');
INSERT INTO public.idata_finance (idata_id, finance, finance_key) VALUES (100158, '4000000', 'tokens');
INSERT INTO public.idata_finance (idata_id, finance, finance_key) VALUES (100158, 'ERC20', 'tokentype');
INSERT INTO public.idata_finance (idata_id, finance, finance_key) VALUES (100158, 'Ethereum', 'platform');
INSERT INTO public.idata_finance (idata_id, finance, finance_key) VALUES (100158, 'VRH', 'token');
INSERT INTO public.idata_finance (idata_id, finance, finance_key) VALUES (100158, 'ETH, BNB, CS', 'accepting');
INSERT INTO public.idata_finance (idata_id, finance, finance_key) VALUES (100176, '250,000,000 EUR', 'softcap');
INSERT INTO public.idata_finance (idata_id, finance, finance_key) VALUES (100176, '500,000,000 EUR', 'hardcap');
INSERT INTO public.idata_finance (idata_id, finance, finance_key) VALUES (100176, '1 WBBC = 0.0037 ETH', 'price');
INSERT INTO public.idata_finance (idata_id, finance, finance_key) VALUES (100176, 'als', 'bonus');
INSERT INTO public.idata_finance (idata_id, finance, finance_key) VALUES (100176, '0', 'raised');
INSERT INTO public.idata_finance (idata_id, finance, finance_key) VALUES (100176, '5000000', 'tokens');
INSERT INTO public.idata_finance (idata_id, finance, finance_key) VALUES (100176, 'ERC20', 'tokentype');
INSERT INTO public.idata_finance (idata_id, finance, finance_key) VALUES (100176, 'Ethereum', 'platform');
INSERT INTO public.idata_finance (idata_id, finance, finance_key) VALUES (100176, 'WBBC', 'token');
INSERT INTO public.idata_finance (idata_id, finance, finance_key) VALUES (100176, 'ETH', 'accepting');


INSERT INTO public.idata_links (idata_id, links, links_key) VALUES (100010, 'https://www.youtube.com/embed/9CPO3fjecIs', 'youtube');
INSERT INTO public.idata_links (idata_id, links, links_key) VALUES (100010, 'https://twitter.com/infleum', 'twitter');
INSERT INTO public.idata_links (idata_id, links, links_key) VALUES (100010, 'https://github.com/infleum', 'github');
INSERT INTO public.idata_links (idata_id, links, links_key) VALUES (100010, 'https://goo.gl/MRK4Ui', 'whitepaper');
INSERT INTO public.idata_links (idata_id, links, links_key) VALUES (100010, 'https://infleum.io/', 'www');
INSERT INTO public.idata_links (idata_id, links, links_key) VALUES (100010, '""', 'slack');
INSERT INTO public.idata_links (idata_id, links, links_key) VALUES (100010, 'https://www.facebook.com/InfleumOfficial', 'facebook');
INSERT INTO public.idata_links (idata_id, links, links_key) VALUES (100010, 'https://t.me/infleum_official_EN', 'telegram');
INSERT INTO public.idata_links (idata_id, links, links_key) VALUES (100010, 'https://medium.com/@infleum', 'medium');
INSERT INTO public.idata_links (idata_id, links, links_key) VALUES (100025, 'https://www.youtube.com/embed/wCVfOJYJZ2I', 'youtube');
INSERT INTO public.idata_links (idata_id, links, links_key) VALUES (100025, 'https://twitter.com/OPPopenWiFi', 'twitter');
INSERT INTO public.idata_links (idata_id, links, links_key) VALUES (100025, 'https://github.com/oppopenwifi', 'github');
INSERT INTO public.idata_links (idata_id, links, links_key) VALUES (100025, 'http://www.oppopenwifi.com/wp-content/uploads/2018/05/oppwhiteV16.pdf', 'whitepaper');
INSERT INTO public.idata_links (idata_id, links, links_key) VALUES (100025, 'https://www.oppopenwifi.com', 'www');
INSERT INTO public.idata_links (idata_id, links, links_key) VALUES (100025, '""', 'slack');
INSERT INTO public.idata_links (idata_id, links, links_key) VALUES (100025, 'https://www.facebook.com/OPPopenWiFi', 'facebook');
INSERT INTO public.idata_links (idata_id, links, links_key) VALUES (100025, 'https://t.me/oppopenwifi', 'telegram');
INSERT INTO public.idata_links (idata_id, links, links_key) VALUES (100025, 'https://medium.com/@oppopenwifi', 'medium');
INSERT INTO public.idata_links (idata_id, links, links_key) VALUES (100044, 'https://www.youtube.com/embed/NwMBQ-UGU4o', 'youtube');
INSERT INTO public.idata_links (idata_id, links, links_key) VALUES (100044, 'https://twitter.com/papyrus_global', 'twitter');
INSERT INTO public.idata_links (idata_id, links, links_key) VALUES (100044, 'https://github.com/papyrusglobal', 'github');
INSERT INTO public.idata_links (idata_id, links, links_key) VALUES (100044, 'https://papyrus.global/static/whitepaper.pdf', 'whitepaper');
INSERT INTO public.idata_links (idata_id, links, links_key) VALUES (100044, 'https://papyrus.global/', 'www');
INSERT INTO public.idata_links (idata_id, links, links_key) VALUES (100044, '""', 'slack');
INSERT INTO public.idata_links (idata_id, links, links_key) VALUES (100044, 'https://www.facebook.com/papyrusglobal/', 'facebook');
INSERT INTO public.idata_links (idata_id, links, links_key) VALUES (100044, 'https://t.me/papyrusglobal', 'telegram');
INSERT INTO public.idata_links (idata_id, links, links_key) VALUES (100044, 'https://blog.papyrus.global/', 'medium');
INSERT INTO public.idata_links (idata_id, links, links_key) VALUES (100072, 'https://www.youtube.com/embed/g7psRdERnm0', 'youtube');
INSERT INTO public.idata_links (idata_id, links, links_key) VALUES (100072, 'https://twitter.com/Talent_ico', 'twitter');
INSERT INTO public.idata_links (idata_id, links, links_key) VALUES (100072, 'https://github.com/talent-ico', 'github');
INSERT INTO public.idata_links (idata_id, links, links_key) VALUES (100072, 'https://talentico.io/img/doc/wp_en.pdf', 'whitepaper');
INSERT INTO public.idata_links (idata_id, links, links_key) VALUES (100072, 'https://talentico.io', 'www');
INSERT INTO public.idata_links (idata_id, links, links_key) VALUES (100072, '""', 'slack');
INSERT INTO public.idata_links (idata_id, links, links_key) VALUES (100072, 'https://www.facebook.com/Talentico-329921037536707/', 'facebook');
INSERT INTO public.idata_links (idata_id, links, links_key) VALUES (100072, 'https://t.me/talentico_en', 'telegram');
INSERT INTO public.idata_links (idata_id, links, links_key) VALUES (100072, 'https://medium.com/@Talent_ico', 'medium');
INSERT INTO public.idata_links (idata_id, links, links_key) VALUES (100143, 'https://www.youtube.com/embed/xGgaXHLuxvs', 'youtube');
INSERT INTO public.idata_links (idata_id, links, links_key) VALUES (100143, 'https://twitter.com/ternionofficial', 'twitter');
INSERT INTO public.idata_links (idata_id, links, links_key) VALUES (100143, 'https://github.com/TernionETH/RPC-Solidity', 'github');
INSERT INTO public.idata_links (idata_id, links, links_key) VALUES (100143, 'https://ternion.io/TernionWhitepaper_en.pdf', 'whitepaper');
INSERT INTO public.idata_links (idata_id, links, links_key) VALUES (100143, 'https://ternion.io/', 'www');
INSERT INTO public.idata_links (idata_id, links, links_key) VALUES (100143, 'https://ternionworkspace.slack.com', 'slack');
INSERT INTO public.idata_links (idata_id, links, links_key) VALUES (100143, 'https://www.facebook.com/ternionofficial/', 'facebook');
INSERT INTO public.idata_links (idata_id, links, links_key) VALUES (100143, 'https://t.me/TernionOfficial', 'telegram');
INSERT INTO public.idata_links (idata_id, links, links_key) VALUES (100143, 'https://medium.com/@ternionC', 'medium');
INSERT INTO public.idata_links (idata_id, links, links_key) VALUES (100158, 'https://www.youtube.com/embed/or7zb-pXbq8', 'youtube');
INSERT INTO public.idata_links (idata_id, links, links_key) VALUES (100158, 'https://twitter.com/ViRehab', 'twitter');
INSERT INTO public.idata_links (idata_id, links, links_key) VALUES (100158, 'https://github.com/ViRehab', 'github');
INSERT INTO public.idata_links (idata_id, links, links_key) VALUES (100158, 'https://www.virtualrehab.co/vr-new-uploads/White%20Paper.pdf', 'whitepaper');
INSERT INTO public.idata_links (idata_id, links, links_key) VALUES (100158, 'https://www.virtualrehab.co', 'www');
INSERT INTO public.idata_links (idata_id, links, links_key) VALUES (100158, '""', 'slack');
INSERT INTO public.idata_links (idata_id, links, links_key) VALUES (100158, 'https://www.facebook.com/ViRehab', 'facebook');
INSERT INTO public.idata_links (idata_id, links, links_key) VALUES (100158, 'https://t.me/virtualrehab', 'telegram');
INSERT INTO public.idata_links (idata_id, links, links_key) VALUES (100158, 'https://medium.com/@VirtualRehab', 'medium');
INSERT INTO public.idata_links (idata_id, links, links_key) VALUES (100176, 'https://www.youtube.com/embed/uUaz_fGJlNs', 'youtube');
INSERT INTO public.idata_links (idata_id, links, links_key) VALUES (100176, 'https://twitter.com/WorldBitBank', 'twitter');
INSERT INTO public.idata_links (idata_id, links, links_key) VALUES (100176, 'https://github.com/WORLDBITBANK/SmartContract-WBBC', 'github');
INSERT INTO public.idata_links (idata_id, links, links_key) VALUES (100176, 'https://wbb.io/file/images/137/4/WBB-WhitePaper-EN-2018-5.pdf', 'whitepaper');
INSERT INTO public.idata_links (idata_id, links, links_key) VALUES (100176, 'https://wbb.io/', 'www');
INSERT INTO public.idata_links (idata_id, links, links_key) VALUES (100176, '""', 'slack');
INSERT INTO public.idata_links (idata_id, links, links_key) VALUES (100176, 'https://www.facebook.com/WorldBitBank/', 'facebook');
INSERT INTO public.idata_links (idata_id, links, links_key) VALUES (100176, 'https://t.me/WBBCoin', 'telegram');
INSERT INTO public.idata_links (idata_id, links, links_key) VALUES (100176, 'https://medium.com/@coinwbb', 'medium');

INSERT INTO public.idata_team (idata_id, crew_id) VALUES (100010, 100018);
INSERT INTO public.idata_team (idata_id, crew_id) VALUES (100010, 100012);
INSERT INTO public.idata_team (idata_id, crew_id) VALUES (100010, 100021);
INSERT INTO public.idata_team (idata_id, crew_id) VALUES (100010, 100024);
INSERT INTO public.idata_team (idata_id, crew_id) VALUES (100010, 100022);
INSERT INTO public.idata_team (idata_id, crew_id) VALUES (100010, 100016);
INSERT INTO public.idata_team (idata_id, crew_id) VALUES (100010, 100020);
INSERT INTO public.idata_team (idata_id, crew_id) VALUES (100010, 100011);
INSERT INTO public.idata_team (idata_id, crew_id) VALUES (100010, 100014);
INSERT INTO public.idata_team (idata_id, crew_id) VALUES (100010, 100017);
INSERT INTO public.idata_team (idata_id, crew_id) VALUES (100010, 100023);
INSERT INTO public.idata_team (idata_id, crew_id) VALUES (100010, 100015);
INSERT INTO public.idata_team (idata_id, crew_id) VALUES (100010, 100019);
INSERT INTO public.idata_team (idata_id, crew_id) VALUES (100010, 100013);
INSERT INTO public.idata_team (idata_id, crew_id) VALUES (100025, 100040);
INSERT INTO public.idata_team (idata_id, crew_id) VALUES (100025, 100035);
INSERT INTO public.idata_team (idata_id, crew_id) VALUES (100025, 100027);
INSERT INTO public.idata_team (idata_id, crew_id) VALUES (100025, 100038);
INSERT INTO public.idata_team (idata_id, crew_id) VALUES (100025, 100026);
INSERT INTO public.idata_team (idata_id, crew_id) VALUES (100025, 100030);
INSERT INTO public.idata_team (idata_id, crew_id) VALUES (100025, 100037);
INSERT INTO public.idata_team (idata_id, crew_id) VALUES (100025, 100039);
INSERT INTO public.idata_team (idata_id, crew_id) VALUES (100025, 100028);
INSERT INTO public.idata_team (idata_id, crew_id) VALUES (100025, 100034);
INSERT INTO public.idata_team (idata_id, crew_id) VALUES (100025, 100042);
INSERT INTO public.idata_team (idata_id, crew_id) VALUES (100025, 100033);
INSERT INTO public.idata_team (idata_id, crew_id) VALUES (100025, 100041);
INSERT INTO public.idata_team (idata_id, crew_id) VALUES (100025, 100043);
INSERT INTO public.idata_team (idata_id, crew_id) VALUES (100025, 100031);
INSERT INTO public.idata_team (idata_id, crew_id) VALUES (100025, 100036);
INSERT INTO public.idata_team (idata_id, crew_id) VALUES (100025, 100029);
INSERT INTO public.idata_team (idata_id, crew_id) VALUES (100025, 100032);
INSERT INTO public.idata_team (idata_id, crew_id) VALUES (100044, 100046);
INSERT INTO public.idata_team (idata_id, crew_id) VALUES (100044, 100065);
INSERT INTO public.idata_team (idata_id, crew_id) VALUES (100044, 100061);
INSERT INTO public.idata_team (idata_id, crew_id) VALUES (100044, 100069);
INSERT INTO public.idata_team (idata_id, crew_id) VALUES (100044, 100051);
INSERT INTO public.idata_team (idata_id, crew_id) VALUES (100044, 100059);
INSERT INTO public.idata_team (idata_id, crew_id) VALUES (100044, 100060);
INSERT INTO public.idata_team (idata_id, crew_id) VALUES (100044, 100050);
INSERT INTO public.idata_team (idata_id, crew_id) VALUES (100044, 100068);
INSERT INTO public.idata_team (idata_id, crew_id) VALUES (100044, 100048);
INSERT INTO public.idata_team (idata_id, crew_id) VALUES (100044, 100054);
INSERT INTO public.idata_team (idata_id, crew_id) VALUES (100044, 100067);
INSERT INTO public.idata_team (idata_id, crew_id) VALUES (100044, 100052);
INSERT INTO public.idata_team (idata_id, crew_id) VALUES (100044, 100063);
INSERT INTO public.idata_team (idata_id, crew_id) VALUES (100044, 100045);
INSERT INTO public.idata_team (idata_id, crew_id) VALUES (100044, 100057);
INSERT INTO public.idata_team (idata_id, crew_id) VALUES (100044, 100049);
INSERT INTO public.idata_team (idata_id, crew_id) VALUES (100044, 100064);
INSERT INTO public.idata_team (idata_id, crew_id) VALUES (100044, 100053);
INSERT INTO public.idata_team (idata_id, crew_id) VALUES (100044, 100058);
INSERT INTO public.idata_team (idata_id, crew_id) VALUES (100044, 100071);
INSERT INTO public.idata_team (idata_id, crew_id) VALUES (100044, 100055);
INSERT INTO public.idata_team (idata_id, crew_id) VALUES (100044, 100062);
INSERT INTO public.idata_team (idata_id, crew_id) VALUES (100044, 100066);
INSERT INTO public.idata_team (idata_id, crew_id) VALUES (100044, 100047);
INSERT INTO public.idata_team (idata_id, crew_id) VALUES (100044, 100056);
INSERT INTO public.idata_team (idata_id, crew_id) VALUES (100044, 100070);
INSERT INTO public.idata_team (idata_id, crew_id) VALUES (100072, 100082);
INSERT INTO public.idata_team (idata_id, crew_id) VALUES (100072, 100089);
INSERT INTO public.idata_team (idata_id, crew_id) VALUES (100072, 100092);
INSERT INTO public.idata_team (idata_id, crew_id) VALUES (100072, 100084);
INSERT INTO public.idata_team (idata_id, crew_id) VALUES (100072, 100090);
INSERT INTO public.idata_team (idata_id, crew_id) VALUES (100072, 100124);
INSERT INTO public.idata_team (idata_id, crew_id) VALUES (100072, 100094);
INSERT INTO public.idata_team (idata_id, crew_id) VALUES (100072, 100129);
INSERT INTO public.idata_team (idata_id, crew_id) VALUES (100072, 100095);
INSERT INTO public.idata_team (idata_id, crew_id) VALUES (100072, 100141);
INSERT INTO public.idata_team (idata_id, crew_id) VALUES (100072, 100125);
INSERT INTO public.idata_team (idata_id, crew_id) VALUES (100072, 100126);
INSERT INTO public.idata_team (idata_id, crew_id) VALUES (100072, 100099);
INSERT INTO public.idata_team (idata_id, crew_id) VALUES (100072, 100093);
INSERT INTO public.idata_team (idata_id, crew_id) VALUES (100072, 100116);
INSERT INTO public.idata_team (idata_id, crew_id) VALUES (100072, 100118);
INSERT INTO public.idata_team (idata_id, crew_id) VALUES (100072, 100081);
INSERT INTO public.idata_team (idata_id, crew_id) VALUES (100072, 100113);
INSERT INTO public.idata_team (idata_id, crew_id) VALUES (100072, 100102);
INSERT INTO public.idata_team (idata_id, crew_id) VALUES (100072, 100100);
INSERT INTO public.idata_team (idata_id, crew_id) VALUES (100072, 100088);
INSERT INTO public.idata_team (idata_id, crew_id) VALUES (100072, 100122);
INSERT INTO public.idata_team (idata_id, crew_id) VALUES (100072, 100132);
INSERT INTO public.idata_team (idata_id, crew_id) VALUES (100072, 100135);
INSERT INTO public.idata_team (idata_id, crew_id) VALUES (100072, 100086);
INSERT INTO public.idata_team (idata_id, crew_id) VALUES (100072, 100087);
INSERT INTO public.idata_team (idata_id, crew_id) VALUES (100072, 100103);
INSERT INTO public.idata_team (idata_id, crew_id) VALUES (100072, 100097);
INSERT INTO public.idata_team (idata_id, crew_id) VALUES (100072, 100111);
INSERT INTO public.idata_team (idata_id, crew_id) VALUES (100072, 100133);
INSERT INTO public.idata_team (idata_id, crew_id) VALUES (100072, 100073);
INSERT INTO public.idata_team (idata_id, crew_id) VALUES (100072, 100131);
INSERT INTO public.idata_team (idata_id, crew_id) VALUES (100072, 100096);
INSERT INTO public.idata_team (idata_id, crew_id) VALUES (100072, 100115);
INSERT INTO public.idata_team (idata_id, crew_id) VALUES (100072, 100119);
INSERT INTO public.idata_team (idata_id, crew_id) VALUES (100072, 100074);
INSERT INTO public.idata_team (idata_id, crew_id) VALUES (100072, 100085);
INSERT INTO public.idata_team (idata_id, crew_id) VALUES (100072, 100128);
INSERT INTO public.idata_team (idata_id, crew_id) VALUES (100072, 100138);
INSERT INTO public.idata_team (idata_id, crew_id) VALUES (100072, 100117);
INSERT INTO public.idata_team (idata_id, crew_id) VALUES (100072, 100137);
INSERT INTO public.idata_team (idata_id, crew_id) VALUES (100072, 100110);
INSERT INTO public.idata_team (idata_id, crew_id) VALUES (100072, 100120);
INSERT INTO public.idata_team (idata_id, crew_id) VALUES (100072, 100142);
INSERT INTO public.idata_team (idata_id, crew_id) VALUES (100072, 100123);
INSERT INTO public.idata_team (idata_id, crew_id) VALUES (100072, 100114);
INSERT INTO public.idata_team (idata_id, crew_id) VALUES (100072, 100112);
INSERT INTO public.idata_team (idata_id, crew_id) VALUES (100072, 100127);
INSERT INTO public.idata_team (idata_id, crew_id) VALUES (100072, 100091);
INSERT INTO public.idata_team (idata_id, crew_id) VALUES (100072, 100075);
INSERT INTO public.idata_team (idata_id, crew_id) VALUES (100072, 100077);
INSERT INTO public.idata_team (idata_id, crew_id) VALUES (100072, 100080);
INSERT INTO public.idata_team (idata_id, crew_id) VALUES (100072, 100078);
INSERT INTO public.idata_team (idata_id, crew_id) VALUES (100072, 100106);
INSERT INTO public.idata_team (idata_id, crew_id) VALUES (100072, 100140);
INSERT INTO public.idata_team (idata_id, crew_id) VALUES (100072, 100076);
INSERT INTO public.idata_team (idata_id, crew_id) VALUES (100072, 100134);
INSERT INTO public.idata_team (idata_id, crew_id) VALUES (100072, 100107);
INSERT INTO public.idata_team (idata_id, crew_id) VALUES (100072, 100130);
INSERT INTO public.idata_team (idata_id, crew_id) VALUES (100072, 100104);
INSERT INTO public.idata_team (idata_id, crew_id) VALUES (100072, 100105);
INSERT INTO public.idata_team (idata_id, crew_id) VALUES (100072, 100109);
INSERT INTO public.idata_team (idata_id, crew_id) VALUES (100072, 100139);
INSERT INTO public.idata_team (idata_id, crew_id) VALUES (100072, 100079);
INSERT INTO public.idata_team (idata_id, crew_id) VALUES (100072, 100108);
INSERT INTO public.idata_team (idata_id, crew_id) VALUES (100072, 100101);
INSERT INTO public.idata_team (idata_id, crew_id) VALUES (100072, 100083);
INSERT INTO public.idata_team (idata_id, crew_id) VALUES (100072, 100136);
INSERT INTO public.idata_team (idata_id, crew_id) VALUES (100072, 100121);
INSERT INTO public.idata_team (idata_id, crew_id) VALUES (100072, 100098);
INSERT INTO public.idata_team (idata_id, crew_id) VALUES (100143, 100153);
INSERT INTO public.idata_team (idata_id, crew_id) VALUES (100143, 100157);
INSERT INTO public.idata_team (idata_id, crew_id) VALUES (100143, 100148);
INSERT INTO public.idata_team (idata_id, crew_id) VALUES (100143, 100156);
INSERT INTO public.idata_team (idata_id, crew_id) VALUES (100143, 100145);
INSERT INTO public.idata_team (idata_id, crew_id) VALUES (100143, 100149);
INSERT INTO public.idata_team (idata_id, crew_id) VALUES (100143, 100152);
INSERT INTO public.idata_team (idata_id, crew_id) VALUES (100143, 100147);
INSERT INTO public.idata_team (idata_id, crew_id) VALUES (100143, 100146);
INSERT INTO public.idata_team (idata_id, crew_id) VALUES (100143, 100150);
INSERT INTO public.idata_team (idata_id, crew_id) VALUES (100143, 100155);
INSERT INTO public.idata_team (idata_id, crew_id) VALUES (100143, 100144);
INSERT INTO public.idata_team (idata_id, crew_id) VALUES (100143, 100154);
INSERT INTO public.idata_team (idata_id, crew_id) VALUES (100143, 100151);
INSERT INTO public.idata_team (idata_id, crew_id) VALUES (100158, 100159);
INSERT INTO public.idata_team (idata_id, crew_id) VALUES (100158, 100161);
INSERT INTO public.idata_team (idata_id, crew_id) VALUES (100158, 100170);
INSERT INTO public.idata_team (idata_id, crew_id) VALUES (100158, 100171);
INSERT INTO public.idata_team (idata_id, crew_id) VALUES (100158, 100160);
INSERT INTO public.idata_team (idata_id, crew_id) VALUES (100158, 100175);
INSERT INTO public.idata_team (idata_id, crew_id) VALUES (100158, 100163);
INSERT INTO public.idata_team (idata_id, crew_id) VALUES (100158, 100164);
INSERT INTO public.idata_team (idata_id, crew_id) VALUES (100158, 100165);
INSERT INTO public.idata_team (idata_id, crew_id) VALUES (100158, 100173);
INSERT INTO public.idata_team (idata_id, crew_id) VALUES (100158, 100174);
INSERT INTO public.idata_team (idata_id, crew_id) VALUES (100158, 100168);
INSERT INTO public.idata_team (idata_id, crew_id) VALUES (100158, 100169);
INSERT INTO public.idata_team (idata_id, crew_id) VALUES (100158, 100166);
INSERT INTO public.idata_team (idata_id, crew_id) VALUES (100158, 100167);
INSERT INTO public.idata_team (idata_id, crew_id) VALUES (100158, 100172);
INSERT INTO public.idata_team (idata_id, crew_id) VALUES (100158, 100162);
INSERT INTO public.idata_team (idata_id, crew_id) VALUES (100176, 100196);
INSERT INTO public.idata_team (idata_id, crew_id) VALUES (100176, 100189);
INSERT INTO public.idata_team (idata_id, crew_id) VALUES (100176, 100177);
INSERT INTO public.idata_team (idata_id, crew_id) VALUES (100176, 100185);
INSERT INTO public.idata_team (idata_id, crew_id) VALUES (100176, 100178);
INSERT INTO public.idata_team (idata_id, crew_id) VALUES (100176, 100182);
INSERT INTO public.idata_team (idata_id, crew_id) VALUES (100176, 100180);
INSERT INTO public.idata_team (idata_id, crew_id) VALUES (100176, 100179);
INSERT INTO public.idata_team (idata_id, crew_id) VALUES (100176, 100184);
INSERT INTO public.idata_team (idata_id, crew_id) VALUES (100176, 100194);
INSERT INTO public.idata_team (idata_id, crew_id) VALUES (100176, 100188);
INSERT INTO public.idata_team (idata_id, crew_id) VALUES (100176, 100191);
INSERT INTO public.idata_team (idata_id, crew_id) VALUES (100176, 100190);
INSERT INTO public.idata_team (idata_id, crew_id) VALUES (100176, 100187);
INSERT INTO public.idata_team (idata_id, crew_id) VALUES (100176, 100193);
INSERT INTO public.idata_team (idata_id, crew_id) VALUES (100176, 100183);
INSERT INTO public.idata_team (idata_id, crew_id) VALUES (100176, 100181);
INSERT INTO public.idata_team (idata_id, crew_id) VALUES (100176, 100186);
INSERT INTO public.idata_team (idata_id, crew_id) VALUES (100176, 100195);
INSERT INTO public.idata_team (idata_id, crew_id) VALUES (100176, 100192);

INSERT INTO public.team (id, links, name, photo, title, url) VALUES (100011, 'https://www.linkedin.com/in/경덕-나-000874168/', 'Sanbo Na', 'https://icobench.com/images/icos/team/4963-62034.jpg', 'Business cooperation', 'sanbo+na');
INSERT INTO public.team (id, links, name, photo, title, url) VALUES (100012, 'https://www.linkedin.com/in/seung-wook-noh-68529a162/', 'Seungwook Noh', 'https://icobench.com/images/icos/team/4963-62031.jpg', 'CMO, Co-Founder', 'seungwook+noh');
INSERT INTO public.team (id, links, name, photo, title, url) VALUES (100013, 'https://www.linkedin.com/in/phoenix-choi-639bb193/', 'Joonho (Pheonix) Choi', 'https://icobench.com/images/icos/team/4963-62029.jpg', 'CEO, Co-Founder', 'joonho+(pheonix)+choi');
INSERT INTO public.team (id, links, name, photo, title, url) VALUES (100014, 'https://www.linkedin.com/in/ryan-chang-hun-le-94482b166/', 'Ryan Lee', 'https://icobench.com/images/icos/team/4963-62033.jpg', 'Financial Officer', 'ryan+lee');
INSERT INTO public.team (id, links, name, photo, title, url) VALUES (100015, 'https://www.linkedin.com/in/%EC%A4%80-%EC%95%88-bbaa0a164/', 'Joon An', 'https://icobench.com/images/icos/team/4963-62030.jpg', 'COO, Co-Founder', 'joon+an');
INSERT INTO public.team (id, links, name, photo, title, url) VALUES (100016, 'https://www.linkedin.com/in/taejin/', 'TJ Taejin Yi', 'https://icobench.com/images/icos/team/4963-62036.jpg', 'Blockchain Engineer', 'tj+taejin+yi');
INSERT INTO public.team (id, links, name, photo, title, url) VALUES (100017, 'https://www.linkedin.com/in/sunkyung-lee-18400616b/', 'Sunkyung Lee', 'https://icobench.com/images/icos/team/4963-62035.jpg', 'Community Manager', 'sunkyung+lee');
INSERT INTO public.team (id, links, name, photo, title, url) VALUES (100018, 'https://www.linkedin.com/in/jerry-yongkyun-cho-b25530125/', 'Jerry Y. Cho', 'https://icobench.com/images/icos/team/4963-62039.jpg', 'KEYWEST Partners, President', 'jerry+y.+cho');
INSERT INTO public.team (id, links, name, photo, title, url) VALUES (100019, 'https://www.linkedin.com/in/clinton-lee-0255ba46/', 'Clinton Lee', 'https://icobench.com/images/icos/team/4963-62038.jpg', 'Blockchain Engineer', 'clinton+lee');
INSERT INTO public.team (id, links, name, photo, title, url) VALUES (100020, 'https://www.linkedin.com/in/steve-in-yong-jeong-4b990b164/', 'Steve Jeong', 'https://icobench.com/images/icos/team/4963-62032.jpg', 'CTO, Technical Director', 'steve+jeong');
INSERT INTO public.team (id, links, name, photo, title, url) VALUES (100021, 'https://www.linkedin.com/in/seunggon-baek-99911b169/', 'Seunggon Baek', 'https://icobench.com/images/icos/team/4963-62037.jpg', 'Blockchain Engineer', 'seunggon+baek');
INSERT INTO public.team (id, links, name, photo, title, url) VALUES (100022, 'https://www.linkedin.com/in/song-bok-4691a8113/', 'Kyung bok Song', 'https://icobench.com/images/icos/team/4963-62047.jpg', 'FunkyBro CEO', 'kyung+bok+song');
INSERT INTO public.team (id, links, name, photo, title, url) VALUES (100023, 'https://www.linkedin.com/in/%25EC%259E%25AC%25EC%2584%259D-%25EA%25B0%2595-8a428994/', 'Jeaseok Kang', 'https://icobench.com/images/icos/team/4963-62041.jpg', 'iPLUSCENTER CEO', 'jeaseok+kang');
INSERT INTO public.team (id, links, name, photo, title, url) VALUES (100024, 'https://www.linkedin.com/in/%25EC%259E%25AC%25EC%2584%259D-%25EA%25B0%2595-8a428994/', 'Jason J. Kim', 'https://icobench.com/images/icos/team/4963-62049.jpg', 'EBCoin.io Founder', 'jason+j.+kim');
INSERT INTO public.team (id, links, name, photo, title, url) VALUES (100026, 'https://www.linkedin.com/in/alexandra-ioana-pascariu-03a2b3164/', 'Alexandra Pascariu', 'https://icobench.com/images/icos/team/3612-42371.jpg', 'Community Manager', 'alexandra+pascariu');
INSERT INTO public.team (id, links, name, photo, title, url) VALUES (100027, 'https://www.linkedin.com/in/jorge-rodriguez-115570139/', 'Jorge Rodriguez', 'https://icobench.com/images/icos/team/3612-42382.jpg', 'Project Security', 'jorge-rodriguez');
INSERT INTO public.team (id, links, name, photo, title, url) VALUES (100028, 'https://www.linkedin.com/in/unavailable/', 'Alex Kemp', 'https://icobench.com/images/icos/team/3612-42370.jpg', 'Community Manager', 'alex+kemp');
INSERT INTO public.team (id, links, name, photo, title, url) VALUES (100029, 'https://www.linkedin.com/in/iulian-gheorghe-x/', 'Iulian Gheorghe', 'https://icobench.com/images/icos/team/3612-42373.jpg', 'Senior SEO, Web Developer', 'iulian+gheorghe');
INSERT INTO public.team (id, links, name, photo, title, url) VALUES (100030, 'https://www.linkedin.com/in/carina-regan-77506966/', 'Carina Regan', 'https://icobench.com/images/icos/team/3612-42379.jpg', 'Email Marketing Manager', 'carina+regan');
INSERT INTO public.team (id, links, name, photo, title, url) VALUES (100031, 'https://www.linkedin.com/in/michael-peach-408033137/', 'Michael Peach', 'https://icobench.com/images/icos/team/3612-42372.jpg', 'Head Community Manager', 'michael+peach');
INSERT INTO public.team (id, links, name, photo, title, url) VALUES (100032, 'https://www.linkedin.com/in/susan-lawry-427212167/', 'Susan Lawry', 'https://icobench.com/images/icos/team/3612-42377.jpg', 'Head of Accounts', 'susan+lawry');
INSERT INTO public.team (id, links, name, photo, title, url) VALUES (100033, 'https://www.linkedin.com/in/chensiyuan1986/', '陈思远 Status is reachable 陈思远 (Cedric)', 'https://icobench.com/images/icos/team/3612-62980.jpg', 'Financial Advisor', '陈思远+status+is+reachable+陈思远+(cedric)');
INSERT INTO public.team (id, links, name, photo, title, url) VALUES (100034, 'https://www.linkedin.com/in/leonard-antipov-a26709124/', 'Leo Antipov', 'https://icobench.com/images/icos/team/3612-42366.jpg', 'B2B Sales Director', 'leo+antipov');
INSERT INTO public.team (id, links, name, photo, title, url) VALUES (100035, 'https://www.linkedin.com/in/phil-legg-b2465a165/', 'Phillip Legg', 'https://icobench.com/images/icos/team/3612-42365.jpg', 'Head of Technology & Security', 'phillip+legg');
INSERT INTO public.team (id, links, name, photo, title, url) VALUES (100036, 'https://www.linkedin.com/in/miikka-saloseutu-72141a131/', 'Miikka Saloseutu', 'https://icobench.com/images/icos/team/3612-63013.jpg', 'Strategic Marketing Advisor', 'miikka-saloseutu');
INSERT INTO public.team (id, links, name, photo, title, url) VALUES (100037, 'https://www.linkedin.com/in/claire-loe-290aa7166/', 'Claire Loe', 'https://icobench.com/images/icos/team/3612-42378.jpg', 'Accounts Support', 'claire+loe');
INSERT INTO public.team (id, links, name, photo, title, url) VALUES (100038, 'https://www.linkedin.com/in/violeta-raducanu-8bbba8146/', 'Violeta Raducanu', 'https://icobench.com/images/icos/team/3612-42369.jpg', 'Community Manager', 'violeta+raducanu');
INSERT INTO public.team (id, links, name, photo, title, url) VALUES (100039, 'https://www.linkedin.com/in/martindregan/', 'Martin Regan', 'https://icobench.com/images/icos/team/3612-42364.jpg', 'Entrepreneur & CEO', 'martin-regan-50344');
INSERT INTO public.team (id, links, name, photo, title, url) VALUES (100040, 'https://www.linkedin.com/in/jaredpolites/', 'Jared Polites', 'https://icobench.com/images/icos/team/3612-42381.jpg', 'Blockchain Marketing Specialist', 'jaredpolites');
INSERT INTO public.team (id, links, name, photo, title, url) VALUES (100041, 'https://www.linkedin.com/in/linuxchip/', 'T Aravinda Babu', 'https://icobench.com/images/icos/team/3612-47308.jpg', 'Expert Technology Adviser', 'aravinda-babu');
INSERT INTO public.team (id, links, name, photo, title, url) VALUES (100042, 'https://www.linkedin.com/in/oanaroua/', 'Joanna Nemes', 'https://icobench.com/images/icos/team/3612-42368.jpg', 'Marketing Coordinator', 'joanna+nemes');
INSERT INTO public.team (id, links, name, photo, title, url) VALUES (100043, 'https://www.linkedin.com/in/nithin-reddy-44a39516a/', 'Nithin Reddy', 'https://icobench.com/images/icos/team/3612-63005.jpg', 'Advising on Indian Markets', 'nithin+reddy');
INSERT INTO public.team (id, links, name, photo, title, url) VALUES (100045, 'https://www.linkedin.com/in/valishev/', 'Shamil Valishev', 'https://icobench.com/images/icos/team/364-3031.jpg', 'Digital Marketing Manager', 'shamil+valishev');
INSERT INTO public.team (id, links, name, photo, title, url) VALUES (100046, 'https://www.linkedin.com/in/dmitry-lee-a544b2/', 'Dmitry Lee', 'https://icobench.com/images/icos/team/364-3034.jpg', 'Technical Advisor', 'dmitry+lee');
INSERT INTO public.team (id, links, name, photo, title, url) VALUES (100047, 'https://www.linkedin.com/in/wardencliffe/', 'Igor Sokolov', 'https://icobench.com/images/icos/team/364-3024.jpg', 'Blockchain Engineer', 'igor+sokolov');
INSERT INTO public.team (id, links, name, photo, title, url) VALUES (100048, 'https://www.linkedin.com/in/alexander-shishow-74523a66/', 'Alexander Shishow', 'https://icobench.com/images/icos/team/364-33424.jpg', 'Strategy Advisor', 'alexander+shishow');
INSERT INTO public.team (id, links, name, photo, title, url) VALUES (100049, 'https://www.linkedin.com/in/abeedjanmohamed/', 'Abeed Janmohamed', 'https://icobench.com/images/icos/team/364-33419.jpg', 'CEO', 'abeed+janmohamed');
INSERT INTO public.team (id, links, name, photo, title, url) VALUES (100050, 'https://www.linkedin.com/in/hertzog/', 'Eyal Hertzog', 'https://icobench.com/images/icos/team/364-33422.jpg', 'Strategy Advisor', 'eyal');
INSERT INTO public.team (id, links, name, photo, title, url) VALUES (100051, 'https://www.linkedin.com/in/addieconner/', 'Addie Conner', 'https://icobench.com/images/icos/team/364-33416.jpg', 'SVP Product Evangelist', 'addie+conner');
INSERT INTO public.team (id, links, name, photo, title, url) VALUES (100052, 'https://www.linkedin.com/in/marissakim/', 'Marissa Kim', 'https://icobench.com/images/icos/team/364-3037.jpg', 'Legal Advisor', 'marissa+kim');
INSERT INTO public.team (id, links, name, photo, title, url) VALUES (100053, 'https://www.linkedin.com/in/aleksei-pupyshev-23a70954/', 'Aleksei Pupyshev', 'https://icobench.com/images/icos/team/364-3026.jpg', 'Research & Development Expert', 'aleksei-pupyshev');
INSERT INTO public.team (id, links, name, photo, title, url) VALUES (100054, 'https://www.linkedin.com/in/tatianakrishtopa/', 'Tanya Krishtopa', 'https://icobench.com/images/icos/team/364-3019.jpg', 'Product Manager', 'tanya+krishtopa');
INSERT INTO public.team (id, links, name, photo, title, url) VALUES (100055, 'https://github.com/vitasar/', 'Vitaly Bubyakin', 'https://icobench.com/images/icos/team/364-3027.jpg', 'Frontend Developer', 'vitaly+bubyakin');
INSERT INTO public.team (id, links, name, photo, title, url) VALUES (100056, 'https://www.linkedin.com/in/elena-obukhova-9312a3a9/', 'Elena Obukhova', 'https://icobench.com/images/icos/team/364-3018.jpg', 'Communications Director', 'elena-obukhova');
INSERT INTO public.team (id, links, name, photo, title, url) VALUES (100057, 'https://www.linkedin.com/in/shirlenechandrapal/', 'Shirlene Chandrapal', 'https://icobench.com/images/icos/team/364-33417.jpg', 'SVP Strategic Business Development', 'shirlene+chandrapal');
INSERT INTO public.team (id, links, name, photo, title, url) VALUES (100058, 'https://www.linkedin.com/in/mikecostache/', 'Mike Costache', 'https://icobench.com/images/icos/team/364-3032.jpg', 'Strategy Advisor', 'mike+costache');
INSERT INTO public.team (id, links, name, photo, title, url) VALUES (100059, 'https://www.linkedin.com/in/andrey-vlasenko-55691929/', 'Andrey Vlasenko', 'https://icobench.com/images/icos/team/364-3021.jpg', 'Lead Software Engineer', 'andrey+vlasenko');
INSERT INTO public.team (id, links, name, photo, title, url) VALUES (100060, 'https://www.facebook.com/MFedorinin', 'Mikhail Fedorinin', 'https://icobench.com/images/icos/team/364-3035.jpg', 'Operations Advisor', 'mikhail+fedorinin');
INSERT INTO public.team (id, links, name, photo, title, url) VALUES (100061, 'https://www.linkedin.com/in/ashwets/', 'Alexander Shvets', 'https://icobench.com/images/icos/team/364-3016.jpg', 'Product Director', 'alexander+shvets');
INSERT INTO public.team (id, links, name, photo, title, url) VALUES (100062, 'https://www.linkedin.com/in/yeleleo/', 'Leo Eletskikh', 'https://icobench.com/images/icos/team/364-3017.jpg', 'Technology Evangelist', 'leo+eletskikh');
INSERT INTO public.team (id, links, name, photo, title, url) VALUES (100063, 'https://www.linkedin.com/in/rxdxt/', 'Jeremy Levitan', 'https://icobench.com/images/icos/team/364-33420.jpg', 'Strategy Advisor', 'jeremy+levitan');
INSERT INTO public.team (id, links, name, photo, title, url) VALUES (100064, 'https://www.linkedin.com/in/ialferov/', 'Igor Alferov', 'https://icobench.com/images/icos/team/364-33425.jpg', 'Founder', 'igor-alferov');
INSERT INTO public.team (id, links, name, photo, title, url) VALUES (100065, 'https://www.linkedin.com/in/bradyasar/', 'Brad Yasar', 'https://icobench.com/images/icos/team/364-3033.jpg', 'Strategy Advisor', 'brad+yasar');
INSERT INTO public.team (id, links, name, photo, title, url) VALUES (100066, 'https://www.linkedin.com/in/teleginalex/', 'Alexander Telegin', 'https://icobench.com/images/icos/team/364-3023.jpg', 'Mobile Software Engineer', 'telegin');
INSERT INTO public.team (id, links, name, photo, title, url) VALUES (100067, 'https://www.linkedin.com/in/jeremylevitan/', 'Jeremy Levitan', 'https://icobench.com/images/icos/team/364-33423.jpg', 'Strategy Advisor', 'jeremy+levitan');
INSERT INTO public.team (id, links, name, photo, title, url) VALUES (100068, 'https://www.linkedin.com/in/tim-brown-284850/', 'Tim Brown', 'https://icobench.com/images/icos/team/364-3036.jpg', 'Business Development Advisor', 'tim+brown');
INSERT INTO public.team (id, links, name, photo, title, url) VALUES (100069, 'https://www.linkedin.com/in/jer979/', 'Jeremy Epstein', 'https://icobench.com/images/icos/team/364-33421.jpg', 'Marketing Advisor', 'jeremy+epstein');
INSERT INTO public.team (id, links, name, photo, title, url) VALUES (100070, 'https://www.linkedin.com/in/stanislav-kirillin-30439015b/', 'Stanislav Kirillin', 'https://icobench.com/images/icos/team/364-38569.jpg', 'Communications Manager', 'stanislav+kirillin');
INSERT INTO public.team (id, links, name, photo, title, url) VALUES (100071, 'https://www.linkedin.com/in/alexander-kholodov-22764773/', 'Alexander Kholodov', 'https://icobench.com/images/icos/team/364-3022.jpg', 'Lead Software Engineer', 'alexander+kholodov');
INSERT INTO public.team (id, links, name, photo, title, url) VALUES (100073, '""', 'Sergei Tkachenko', 'https://icobench.com/images/icos/team/4488-56913.jpg', 'Opera performer, Director of the Center for Russian culture in New York, graduate of the Paris Conservatoire', 'sergei+tkachenko');
INSERT INTO public.team (id, links, name, photo, title, url) VALUES (100074, '""', 'Roman Vlasov', 'https://icobench.com/images/icos/team/4488-56893.jpg', 'Two-time Olympic champion', 'roman+vlasov');
INSERT INTO public.team (id, links, name, photo, title, url) VALUES (100075, 'https://www.facebook.com/Egoist-Club-390767631078528/', 'Restaurant Assa Hall', 'https://icobench.com/images/icos/team/4488-56819.jpg', 'Night Club - Cafe, Lounge', 'restaurant+assa+hall');
INSERT INTO public.team (id, links, name, photo, title, url) VALUES (100076, 'https://www.linkedin.com/in/%D1%82%D0%B0%D1%82%D1%8C%D1%8F%D0%BD%D0%B0-%D0%BA%D0%B0%D0%BD%D0%B4%D0%B7%D1%8E%D0%B1%D0%B0-4748389a/', 'Tetiana Kandziuba', 'https://icobench.com/images/icos/team/4488-56833.jpg', 'PR Director', 'tetiana+kandziuba');
INSERT INTO public.team (id, links, name, photo, title, url) VALUES (100077, 'https://www.facebook.com/satoshi.abara', 'Satoshi Abara', 'https://icobench.com/images/icos/team/4488-56897.jpg', 'Japan, Nature Plus CEO', 'satoshi+abara');
INSERT INTO public.team (id, links, name, photo, title, url) VALUES (100078, '""', 'Alexandr Karelin', 'https://icobench.com/images/icos/team/4488-56875.jpg', 'Three-time Olympic champion, one of the top-25 best world athletes of the 20th century', 'alexandr+karelin');
INSERT INTO public.team (id, links, name, photo, title, url) VALUES (100079, 'https://www.facebook.com/amantenarikala/', 'Hotel Amante Narikala', 'https://icobench.com/images/icos/team/4488-56811.jpg', 'A new boutique hotel in the heart of Old Tbilisi', 'hotel+amante+narikala');
INSERT INTO public.team (id, links, name, photo, title, url) VALUES (100080, '""', 'Gega Gegeshidze', 'https://icobench.com/images/icos/team/4488-56900.jpg', 'The President of Federation of wrestling of Georgia', 'gega+gegeshidze');
INSERT INTO public.team (id, links, name, photo, title, url) VALUES (100081, '""', 'Mohamed Abdulaev', 'https://icobench.com/images/icos/team/4488-56939.jpg', 'Russian paralympic team coach in taekwondo, coach of olympic champion', 'mohamed+abdulaev');
INSERT INTO public.team (id, links, name, photo, title, url) VALUES (100082, '""', 'Khonza Zampa', 'https://icobench.com/images/icos/team/4488-56931.jpg', 'Czech Republic, pop artist, band Eddie Stoilow', 'khonza+zampa');
INSERT INTO public.team (id, links, name, photo, title, url) VALUES (100083, 'https://www.facebook.com/SuliGuli-%D0%A1%D1%83%D0%BB%D0%B8%D0%93%D1%83%D0%BB%D0%B8-1485041328198755/', 'Suli&Guli', 'https://icobench.com/images/icos/team/4488-56823.jpg', 'Restaurant', 'suli&guli');
INSERT INTO public.team (id, links, name, photo, title, url) VALUES (100084, 'https://www.linkedin.com/in/vvmakarenko/', 'Vladimir Makarenko', 'https://icobench.com/images/icos/team/4488-56843.jpg', 'CTO', 'vladimir+makarenko');
INSERT INTO public.team (id, links, name, photo, title, url) VALUES (100085, '""', 'Vitaliy Romanov', 'https://icobench.com/images/icos/team/4488-64940.jpg', 'Head of Financial Department', 'vitaliy+romanov');
INSERT INTO public.team (id, links, name, photo, title, url) VALUES (100086, 'https://www.facebook.com/kashia37/', 'Guram Kashia', 'https://icobench.com/images/icos/team/4488-56894.jpg', 'Netherlands, football player, FC VITTESSE team captain', 'guram+kashia');
INSERT INTO public.team (id, links, name, photo, title, url) VALUES (100087, '""', 'Enrike Gogokhia', 'https://icobench.com/images/icos/team/4488-56902.jpg', 'USA, three-time world champion in kickboxing', 'enrike+gogokhia');
INSERT INTO public.team (id, links, name, photo, title, url) VALUES (100088, '""', 'Sushil Shamlal Wadhwa', 'https://icobench.com/images/icos/team/4488-56892.jpg', 'India, Platinum Events and billionaire lifestyle CEO', 'sushil+shamlal+wadhwa');
INSERT INTO public.team (id, links, name, photo, title, url) VALUES (100089, 'https://www.facebook.com/NewSohoBatumi/', 'Club New Soho', 'https://icobench.com/images/icos/team/4488-56810.jpg', 'Night Club - Cafe, Lounge', 'club+new+soho');
INSERT INTO public.team (id, links, name, photo, title, url) VALUES (100090, 'https://www.linkedin.com/in/giorgi-sigua-586307163/', 'George Sigua', 'https://icobench.com/images/icos/team/4488-56834.jpg', 'Sales Director', 'george+sigua');
INSERT INTO public.team (id, links, name, photo, title, url) VALUES (100091, '""', 'Mark Ginzburg', 'https://icobench.com/images/icos/team/4488-56876.jpg', 'Entrepreneur, blockchain ideologist', 'mark+ginzburg');
INSERT INTO public.team (id, links, name, photo, title, url) VALUES (100092, 'https://www.facebook.com/doorsloungetbilisi/', 'Lounge Doors', 'https://icobench.com/images/icos/team/4488-56813.jpg', 'Restaurant, Lounge', 'lounge+doors');
INSERT INTO public.team (id, links, name, photo, title, url) VALUES (100093, '""', 'Merab Dvalishvili', 'https://icobench.com/images/icos/team/4488-56936.jpg', 'USA, UFC fighter', 'merab+dvalishvili');
INSERT INTO public.team (id, links, name, photo, title, url) VALUES (100094, 'https://www.linkedin.com/in/nodari-kolmakhidze/', 'Nodar Kolmakhidze', 'https://icobench.com/images/icos/team/4488-56992.jpg', '8 years in Finance. 5+ years in trading and asset management. Chief Investment Officer at Cindicator', 'nodar+kolmakhidze');
INSERT INTO public.team (id, links, name, photo, title, url) VALUES (100095, '""', 'Lasha Shavdatuashvili', 'https://icobench.com/images/icos/team/4488-56977.jpg', 'Olympic champion', 'lasha+shavdatuashvili');
INSERT INTO public.team (id, links, name, photo, title, url) VALUES (100096, '""', 'Vladimer Khinchegashvili', 'https://icobench.com/images/icos/team/4488-56911.jpg', 'Olympic champion', 'vladimer+khinchegashvili');
INSERT INTO public.team (id, links, name, photo, title, url) VALUES (100097, '""', 'Levan Makashvili', 'https://icobench.com/images/icos/team/4488-56940.jpg', 'USA, fighter of the organization Fight Nights Global', 'levan+makashvili');
INSERT INTO public.team (id, links, name, photo, title, url) VALUES (100098, 'https://www.facebook.com/ErdingerTbilisi/', 'Restaurant Erdinger', 'https://icobench.com/images/icos/team/4488-56817.jpg', 'Restaurant, Pub', 'restaurant+erdinger');
INSERT INTO public.team (id, links, name, photo, title, url) VALUES (100099, '""', 'Vladimir Zakharov', 'https://icobench.com/images/icos/team/4488-56910.jpg', 'Russia, the founder of the largest Russian network of cinemas «Formula Cinema»', 'vladimir+zakharov');
INSERT INTO public.team (id, links, name, photo, title, url) VALUES (100100, 'https://www.facebook.com/people/%D0%94%D0%B0%D0%B2%D0%B8%D0%B4-%D0%9A%D0%B0%D0%B4%D0%B8%D0%BB%D0%BE%D0%B2/100010800671760', 'David Kadilov', 'https://icobench.com/images/icos/team/4488-56975.jpg', 'Coach of the Russian Olympic team, coach of the Olympic champion', 'david+kadilov');
INSERT INTO public.team (id, links, name, photo, title, url) VALUES (100101, 'https://www.linkedin.com/in/yassin-alsuroor-840a551b/', 'Yassin Al Suroor', 'https://icobench.com/images/icos/team/4488-56874.jpg', 'Arab Economic and Business Group President', 'yassin+al+suroor');
INSERT INTO public.team (id, links, name, photo, title, url) VALUES (100102, 'https://www.facebook.com/SormoniTbilisi/', 'Restaurant Sormon', 'https://icobench.com/images/icos/team/4488-56821.jpg', 'Continental Restaurant', 'restaurant+sormon');
INSERT INTO public.team (id, links, name, photo, title, url) VALUES (100103, 'https://www.facebook.com/anna.ke.148/photos?lst=100003654301475%3A100010580857482%3A1534106718&source_ref=pb_friends_tl', 'George Edzgveradze', 'https://icobench.com/images/icos/team/4488-56976.jpg', 'Germany, famous artist', 'george+edzgveradze');
INSERT INTO public.team (id, links, name, photo, title, url) VALUES (100104, 'https://www.linkedin.com/in/alex-sudadze/', 'Alex Sudadze', 'https://icobench.com/images/icos/team/4488-56898.jpg', 'CEO, founder of the Bitcoin Embassy Georgia', 'alex+sudadze');
INSERT INTO public.team (id, links, name, photo, title, url) VALUES (100105, '""', 'Yury Kikvadze', 'https://icobench.com/images/icos/team/4488-56937.jpg', 'USA, CEO of everylution, developer, 25 years experience in IT', 'yury+kikvadze');
INSERT INTO public.team (id, links, name, photo, title, url) VALUES (100106, 'https://www.facebook.com/nightlife.georgia/', 'Unique Terrace', 'https://icobench.com/images/icos/team/4488-56806.jpg', 'Night Club - Cafe, Lounge', 'unique+terrace');
INSERT INTO public.team (id, links, name, photo, title, url) VALUES (100107, 'https://www.facebook.com/Egoist-Club-390767631078528/', 'Club Egoist', 'https://icobench.com/images/icos/team/4488-56818.jpg', 'Night Club - Cafe, Lounge', 'club+egoist');
INSERT INTO public.team (id, links, name, photo, title, url) VALUES (100108, 'https://www.linkedin.com/in/fred-finn-8761922/', 'Fred Finn', 'https://icobench.com/images/icos/team/4488-56895.jpg', 'The most travelled man in the history of mankind', 'fred+finn');
INSERT INTO public.team (id, links, name, photo, title, url) VALUES (100109, 'https://www.facebook.com/levani.kezevadze.334', 'Levan Kezevadze', 'https://icobench.com/images/icos/team/4488-56918.jpg', 'Coach of the Russian Olympic team, coach of the Olympic champion', 'levan+kezevadze');
INSERT INTO public.team (id, links, name, photo, title, url) VALUES (100110, 'https://www.facebook.com/mamukalomi', 'Mamuka Lomidze', 'https://icobench.com/images/icos/team/4488-56934.jpg', 'Italy, famous in Europe baritone, winner of the international vocal competition named after Pietro Mascagni in the nomination «Best male voice»', 'mamuka+lomidze');
INSERT INTO public.team (id, links, name, photo, title, url) VALUES (100111, '""', 'David Chakvetadze', 'https://icobench.com/images/icos/team/4488-56917.jpg', 'Olympic champion', 'david+chakvetadze');
INSERT INTO public.team (id, links, name, photo, title, url) VALUES (100112, 'https://www.facebook.com/siguageorge', 'Gia Sigua', 'https://icobench.com/images/icos/team/4488-56905.jpg', 'Professor, PhD in Economy, member of foreign trade academy of Ukraine, advisor to Credit Banking Association of Ukraine', 'gia+sigua');
INSERT INTO public.team (id, links, name, photo, title, url) VALUES (100113, 'https://www.facebook.com/ChaixanaKaraoke/', 'Launge Chaikhana', 'https://icobench.com/images/icos/team/4488-56826.jpg', 'Karaoke, Restaurant', 'launge+chaikhana');
INSERT INTO public.team (id, links, name, photo, title, url) VALUES (100114, 'https://www.facebook.com/GemFestival/', 'Gem Fest', 'https://icobench.com/images/icos/team/4488-56805.jpg', 'One of the most popular electronic music festivals in the world', 'gem+fest');
INSERT INTO public.team (id, links, name, photo, title, url) VALUES (100115, '""', 'Islam-Beka Albiev', 'https://icobench.com/images/icos/team/4488-56974.jpg', 'Olympic champion', 'islam-beka+albiev');
INSERT INTO public.team (id, links, name, photo, title, url) VALUES (100116, 'https://www.facebook.com/profile.php?id=675042081', 'Lee Grant', 'https://icobench.com/images/icos/team/4488-56891.jpg', 'MC, SENSATION WHITE festival face', 'lee+grant');
INSERT INTO public.team (id, links, name, photo, title, url) VALUES (100117, '""', 'Keti Topuria', 'https://icobench.com/images/icos/team/4488-56889.jpg', 'Pop star', 'keti+topuria');
INSERT INTO public.team (id, links, name, photo, title, url) VALUES (100118, 'https://www.facebook.com/oyasakov?lst=100003654301475%3A1011219098%3A1534108338', 'Oleg Lasakov', 'https://icobench.com/images/icos/team/4488-56979.jpg', 'Deputy editor-in-chief of DOJD TV', 'oleg+lasakov');
INSERT INTO public.team (id, links, name, photo, title, url) VALUES (100119, 'https://www.linkedin.com/in/george-kikvadze/', 'George Kikvadze', 'https://icobench.com/images/icos/team/4488-56919.jpg', 'CSO', 'george+kikvadze');
INSERT INTO public.team (id, links, name, photo, title, url) VALUES (100120, 'https://www.facebook.com/pages/biz/hookah_lounge-tbilisi-0160/Hookah-lounge-326977480716038/', 'Hookah Lounge', 'https://icobench.com/images/icos/team/4488-56812.jpg', 'Lounge, Residence', 'hookah+lounge');
INSERT INTO public.team (id, links, name, photo, title, url) VALUES (100121, 'https://www.facebook.com/kiziria', 'David Kiziria', 'https://icobench.com/images/icos/team/4488-56884.jpg', 'Blockchain expert, founder of Innovative System Management', 'david+kiziria');
INSERT INTO public.team (id, links, name, photo, title, url) VALUES (100122, 'https://www.facebook.com/ToBeRest/', 'Restaurant To Be', 'https://icobench.com/images/icos/team/4488-56816.jpg', 'Cocktail Bar, Restaurant, Hookah Lounge', 'restaurant+to+be');
INSERT INTO public.team (id, links, name, photo, title, url) VALUES (100123, 'https://www.facebook.com/solo.karaoke.tbilisi/', 'Karaoke Solo', 'https://icobench.com/images/icos/team/4488-56808.jpg', 'Karaoke & Bar', 'karaoke+solo');
INSERT INTO public.team (id, links, name, photo, title, url) VALUES (100124, 'https://www.facebook.com/revazi.mindorashvili.3', 'Revaz Mindorashvili', 'https://icobench.com/images/icos/team/4488-56980.jpg', 'Olympic champion', 'revaz+mindorashvili');
INSERT INTO public.team (id, links, name, photo, title, url) VALUES (100125, 'https://www.facebook.com/igor.smailov', 'Igor Smailov', 'https://icobench.com/images/icos/team/4488-56978.jpg', 'Ukraine, famous DJ and producer', 'igor+smailov');
INSERT INTO public.team (id, links, name, photo, title, url) VALUES (100126, 'https://www.linkedin.com/in/kateryna-smachylo-a18566110/', 'Kateryna Smachylo', 'https://icobench.com/images/icos/team/4488-56832.jpg', 'Marketing Director', 'kateryna+smachylo');
INSERT INTO public.team (id, links, name, photo, title, url) VALUES (100127, 'https://www.linkedin.com/in/erekle-astakhishvili-664a9411/', 'Erekle Astakhishvili', 'https://icobench.com/images/icos/team/4488-56896.jpg', 'Professor, PhD in history, two-time winner of the Order of Honor for «Outstanding Contributions in the Sphere of Higher Education»', 'erekle+astakhishvili');
INSERT INTO public.team (id, links, name, photo, title, url) VALUES (100128, '""', 'Radik Isaev', 'https://icobench.com/images/icos/team/4488-56938.jpg', 'Olympic champion', 'radik+isaev');
INSERT INTO public.team (id, links, name, photo, title, url) VALUES (100129, 'https://www.facebook.com/sanderzhukov', 'Aleksandr Zhukov', 'https://icobench.com/images/icos/team/4488-56916.jpg', 'General producer and editor of Megapolis FM radio station', 'aleksandr+zhukov');
INSERT INTO public.team (id, links, name, photo, title, url) VALUES (100130, 'https://www.linkedin.com/in/efimkerbut/', 'Efim Kerbut', 'https://icobench.com/images/icos/team/4488-56972.jpg', 'Art Director', 'efim+kerbut');
INSERT INTO public.team (id, links, name, photo, title, url) VALUES (100131, '""', 'Varlam Liparteliani', 'https://icobench.com/images/icos/team/4488-56912.jpg', 'Captain of the national judo team of Georgia, five-time world champion, Vice-champion of the Olympic games', 'varlam+liparteliani');
INSERT INTO public.team (id, links, name, photo, title, url) VALUES (100132, '""', 'Lasha Talakhadze', 'https://icobench.com/images/icos/team/4488-56920.jpg', 'Olympic champion', 'lasha+talakhadze');
INSERT INTO public.team (id, links, name, photo, title, url) VALUES (100133, 'https://www.linkedin.com/in/alexander-kvitashvili-72475172/', 'Alexander Kvitashvili', 'https://icobench.com/images/icos/team/4488-56971.jpg', 'Former minister of healthcare of Ukraine, former minister of healthcare of Georgia, former rector of Tbilisi State University', 'alexander+kvitashvili');
INSERT INTO public.team (id, links, name, photo, title, url) VALUES (100134, 'https://www.linkedin.com/in/tornike-chkhvimiani/', 'Tornike Chkhvimiani', 'https://icobench.com/images/icos/team/4488-57165.jpg', 'COO', 'tornike-chkhvimiani');
INSERT INTO public.team (id, links, name, photo, title, url) VALUES (100135, 'https://www.linkedin.com/in/alex-kharlamov-6913b7164/', 'Aleksandr Kharlamov', 'https://icobench.com/images/icos/team/4488-56831.jpg', 'TALENTICO CEO', 'aleksandr+kharlamov');
INSERT INTO public.team (id, links, name, photo, title, url) VALUES (100136, '""', 'Irakli Tsirekidze', 'https://icobench.com/images/icos/team/4488-56973.jpg', 'Olympic champion', 'irakli+tsirekidze');
INSERT INTO public.team (id, links, name, photo, title, url) VALUES (100137, '""', 'Restaurant Shishka', 'https://icobench.com/images/icos/team/4488-56827.jpg', 'Lounge', 'restaurant+shishka');
INSERT INTO public.team (id, links, name, photo, title, url) VALUES (100138, 'https://www.facebook.com/NewBiBlioteka/', 'Biblioteka Lounge Club', 'https://icobench.com/images/icos/team/4488-56815.jpg', 'Night Club , Lounge', 'biblioteka+lounge+club');
INSERT INTO public.team (id, links, name, photo, title, url) VALUES (100139, '""', 'Vako Kazaishvili', 'https://icobench.com/images/icos/team/4488-56915.jpg', 'USA, football player, FC SAN JOSE EARTHQUAKES', 'vako+kazaishvili');
INSERT INTO public.team (id, links, name, photo, title, url) VALUES (100140, 'https://www.facebook.com/kisihotel/', 'Hotel Kisi', 'https://icobench.com/images/icos/team/4488-56807.jpg', 'Kisi Hotel has the most unique location among other hotels of the old town Tbilisi', 'hotel+kisi');
INSERT INTO public.team (id, links, name, photo, title, url) VALUES (100141, 'https://www.facebook.com/profile.php?id=100009210158710', 'Amer Pacha', 'https://icobench.com/images/icos/team/4488-56877.jpg', 'Monaco, investment banker', 'amer+pacha');
INSERT INTO public.team (id, links, name, photo, title, url) VALUES (100142, 'https://www.facebook.com/MimosaBar/', 'Lounge Lansky', 'https://icobench.com/images/icos/team/4488-56814.jpg', 'Restaurant, Bar', 'lounge+lansky');
INSERT INTO public.team (id, links, name, photo, title, url) VALUES (100144, 'https://www.linkedin.com/in/claraflorey/', 'Clara Florey', 'https://icobench.com/images/icos/team/3819-45895.jpg', 'Communications Specialist', 'clara-florey');
INSERT INTO public.team (id, links, name, photo, title, url) VALUES (100145, 'https://www.linkedin.com/in/erdmanis/', 'Roberts Erdmanis', 'https://icobench.com/images/icos/team/3819-45911.jpg', 'Investor Relations Western Europe', 'roberts+erdmanis');
INSERT INTO public.team (id, links, name, photo, title, url) VALUES (100146, 'https://www.linkedin.com/in/merlock/', 'Merlock Fairwood', 'https://icobench.com/images/icos/team/3819-45901.jpg', 'Brand Strategist', 'merlock+fairwood');
INSERT INTO public.team (id, links, name, photo, title, url) VALUES (100147, 'https://www.linkedin.com/in/valeria-cealic-46532b11b', 'Valeria Cealic', 'https://icobench.com/images/icos/team/3819-45897.jpg', 'Marketing & PR Lead', 'valeria-cealic');
INSERT INTO public.team (id, links, name, photo, title, url) VALUES (100148, 'https://www.linkedin.com/in/arthur-iinuma-4115ba17', 'Arthur Iinuma', 'https://icobench.com/images/icos/team/3819-45917.jpg', 'Advisor', 'arthur+iinuma');
INSERT INTO public.team (id, links, name, photo, title, url) VALUES (100149, 'https://www.linkedin.com/in/ianscarffe/', 'Ian Scarffe', 'https://icobench.com/images/icos/team/3819-45916.jpg', 'Blockchain and Crypto Advisor', 'ianscarffe');
INSERT INTO public.team (id, links, name, photo, title, url) VALUES (100150, 'https://www.linkedin.com/in/artem-shabanov-44949882', 'Artem Shabanov', 'https://icobench.com/images/icos/team/3819-45905.jpg', 'Lead Web Designer', 'artem-shabanov');
INSERT INTO public.team (id, links, name, photo, title, url) VALUES (100151, 'https://www.linkedin.com/in/eugene-petrov-3969a4167/', 'Eugene Petrov', 'https://icobench.com/images/icos/team/3819-45903.jpg', 'Creative Content Writer', 'eugene-petrov');
INSERT INTO public.team (id, links, name, photo, title, url) VALUES (100152, 'https://www.linkedin.com/in/rudolfs-medvedevs-283a23128/', 'Rudolfs Medvedevs', 'https://icobench.com/images/icos/team/3819-45890.jpg', 'Founder & CEO', 'rudolf-medvedev');
INSERT INTO public.team (id, links, name, photo, title, url) VALUES (100153, 'https://www.linkedin.com/in/anatolii-lytvynenko-1a8812164/', 'Anatolii Lytvynenko', 'https://icobench.com/images/icos/team/3819-51037.jpg', 'Blockchain Development Lead', 'anatolii-lytvynenko');
INSERT INTO public.team (id, links, name, photo, title, url) VALUES (100154, 'https://www.linkedin.com/in/gareth-rhodes-9b137a17/', 'Gareth Rhodes', 'https://icobench.com/images/icos/team/3819-45913.jpg', 'Advisor', 'gareth+rhodes');
INSERT INTO public.team (id, links, name, photo, title, url) VALUES (100155, 'https://www.linkedin.com/in/viesturs-bremze-360246167/', 'Viesturs Bremze', 'https://icobench.com/images/icos/team/3819-45908.jpg', 'Senior Investor Relations CIS & Europe', 'viesturs-bremze');
INSERT INTO public.team (id, links, name, photo, title, url) VALUES (100156, 'https://www.linkedin.com/in/oliver-cheatham-41039019/', 'Oliver Cheatham', 'https://icobench.com/images/icos/team/3819-45899.jpg', 'Digital Marketing specialist', 'oliver+cheatham');
INSERT INTO public.team (id, links, name, photo, title, url) VALUES (100157, 'https://www.linkedin.com/in/rogercrook/', 'Roger Crook', 'https://icobench.com/images/icos/team/3819-45918.jpg', 'Advisor', 'roger+crook');
INSERT INTO public.team (id, links, name, photo, title, url) VALUES (100159, 'https://www.linkedin.com/in/amal-azzeh-02439b168/', 'Mrs. Amal Azzeh', 'https://icobench.com/images/icos/team/4199-51385.jpg', 'Co-Founder & CFO', 'mrs.+amal+azzeh');
INSERT INTO public.team (id, links, name, photo, title, url) VALUES (100160, 'https://www.linkedin.com/in/philfasano/', 'Philip Fasano', 'https://icobench.com/images/icos/team/4199-51391.jpg', '""', 'philip+fasano');
INSERT INTO public.team (id, links, name, photo, title, url) VALUES (100161, 'https://www.linkedin.com/in/binodnirvan/', 'Binod Nirvan', 'https://icobench.com/images/icos/team/4199-56363.jpg', '""', 'binod');
INSERT INTO public.team (id, links, name, photo, title, url) VALUES (100162, 'https://www.linkedin.com/in/karenghurst/', 'Karen Hurst', 'https://icobench.com/images/icos/team/4199-51387.jpg', '""', 'karen+hurst');
INSERT INTO public.team (id, links, name, photo, title, url) VALUES (100163, 'https://www.linkedin.com/in/paul-mears-80224b4/', 'Paul Mears', 'https://icobench.com/images/icos/team/4199-55074.jpg', '""', 'paulmears');
INSERT INTO public.team (id, links, name, photo, title, url) VALUES (100164, 'https://www.linkedin.com/in/ethan-gilmore-679120a4/', 'Ethan Gilmore', 'https://icobench.com/images/icos/team/4199-58518.jpg', '""', 'ethan+gilmore');
INSERT INTO public.team (id, links, name, photo, title, url) VALUES (100165, 'https://www.linkedin.com/in/donaldicox/', 'Donald Cox', 'https://icobench.com/images/icos/team/4199-51386.jpg', '""', 'donald+cox');
INSERT INTO public.team (id, links, name, photo, title, url) VALUES (100166, 'https://www.linkedin.com/in/saeed-al-dhaheri-71a09058/', 'H.E. Dr. Saeed Al Dhaheri', 'https://icobench.com/images/icos/team/4199-64301.jpg', '""', 'h.e.+dr.+saeed+al+dhaheri');
INSERT INTO public.team (id, links, name, photo, title, url) VALUES (100167, 'https://www.linkedin.com/in/larrywray/', 'Dr. Larry Wray', 'https://icobench.com/images/icos/team/4199-51389.jpg', '""', 'dr.+larry+wray');
INSERT INTO public.team (id, links, name, photo, title, url) VALUES (100168, 'https://www.linkedin.com/in/bobbie-ticknor-31ba229/', 'Dr. Bobbie Ticknor', 'https://icobench.com/images/icos/team/4199-51388.jpg', '""', 'dr.+bobbie+ticknor');
INSERT INTO public.team (id, links, name, photo, title, url) VALUES (100169, '""', 'Dr. Jeffrey Pfeifer', 'https://icobench.com/images/icos/team/4199-51390.jpg', '""', 'dr.+jeffrey+pfeifer');
INSERT INTO public.team (id, links, name, photo, title, url) VALUES (100170, 'https://www.linkedin.com/in/rajiwahidy/', 'Dr. Raji Wahidy', 'https://icobench.com/images/icos/team/4199-51384.jpg', 'CEO & Founder', 'dr.+raji+wahidy');
INSERT INTO public.team (id, links, name, photo, title, url) VALUES (100171, 'https://www.linkedin.com/in/francois-normandeau-445145163/', 'Francois Normandeau', 'https://icobench.com/images/icos/team/4199-62446.jpg', '""', 'francois+normandeau');
INSERT INTO public.team (id, links, name, photo, title, url) VALUES (100172, 'https://www.linkedin.com/in/speville/', 'Jean Speville', 'https://icobench.com/images/icos/team/4199-54531.jpg', 'Chief Mind Technologist', 'jean+speville');
INSERT INTO public.team (id, links, name, photo, title, url) VALUES (100173, 'https://www.linkedin.com/in/brad-martin-6812a25a/', 'Brad Martin', 'https://icobench.com/images/icos/team/4199-53355.jpg', 'Engineering (Consultant)', 'brad+martin');
INSERT INTO public.team (id, links, name, photo, title, url) VALUES (100174, 'https://www.linkedin.com/in/jbenizri/', 'Jamie Benizri', 'https://icobench.com/images/icos/team/4199-53357.jpg', 'Legal (Consultant)', 'jamie+benizri');
INSERT INTO public.team (id, links, name, photo, title, url) VALUES (100175, 'https://www.linkedin.com/in/pjainsjc/', 'Pankaj Jain', 'https://icobench.com/images/icos/team/4199-53356.jpg', 'Engineering (Consultant)', 'pankaj+jain');
INSERT INTO public.team (id, links, name, photo, title, url) VALUES (100177, 'https://www.linkedin.com/in/tatiana-soldatova-2a44b613b/', 'Tatyana Soldatova', 'https://icobench.com/images/icos/team/3159-35795.jpg', 'Project manager', 'tatyana+soldatova');
INSERT INTO public.team (id, links, name, photo, title, url) VALUES (100178, 'https://www.linkedin.com/in/%D1%81%D0%B5%D1%80%D0%B3%D0%B5%D0%B9-%D1%81%D0%BE%D0%BA%D0%BE%D0%BB%D0%BE%D0%B2-270337aa/%D0%A1%D0%B5%D1%80%D0%B3%D0%B5%D0%B9%20%D0%A1%D0%BE%D0%BA%D0%BE%D0%BB%D0%BE%D0%B2', 'Sergey Sokolov', 'https://icobench.com/images/icos/team/3159-35800.jpg', 'Co Founder – BrandU Production', 'sergey+sokolov');
INSERT INTO public.team (id, links, name, photo, title, url) VALUES (100179, 'https://www.linkedin.com/in/oliynykov', 'Roman Oliynykov', 'https://icobench.com/images/icos/team/3159-35807.jpg', '""', 'roman+oliynykov');
INSERT INTO public.team (id, links, name, photo, title, url) VALUES (100180, '""', 'Matt Mark', 'https://icobench.com/images/icos/team/3159-35802.jpg', 'Cyber Security', 'matt+mark');
INSERT INTO public.team (id, links, name, photo, title, url) VALUES (100181, 'https://www.linkedin.com/in/iamsriram/', 'Sriram Venkataraman', 'https://icobench.com/images/icos/team/3159-35810.jpg', '""', 'sriram+venkataraman');
INSERT INTO public.team (id, links, name, photo, title, url) VALUES (100182, '""', 'Vasily Solovyev', 'https://icobench.com/images/icos/team/3159-35794.jpg', 'Banking Specialist', 'vasily+solovyev');
INSERT INTO public.team (id, links, name, photo, title, url) VALUES (100183, 'https://www.linkedin.com/in/dannygkass/', 'Danny Kass', 'https://icobench.com/images/icos/team/3159-50115.jpg', 'Blockchain Expert', 'danny-kass');
INSERT INTO public.team (id, links, name, photo, title, url) VALUES (100184, '""', 'Illia Bandura', 'https://icobench.com/images/icos/team/3159-35803.jpg', 'Crypto trader', 'illia+bandura');
INSERT INTO public.team (id, links, name, photo, title, url) VALUES (100185, 'https://www.linkedin.com/in/eduard-sadontsev-b07aa8136/', 'Eduard Sadontsev', 'https://icobench.com/images/icos/team/3159-35806.jpg', 'Android Developer', 'eduard+sadontsev');
INSERT INTO public.team (id, links, name, photo, title, url) VALUES (100186, 'https://www.linkedin.com/in/boyamy/', 'Maksim Boyko', 'https://icobench.com/images/icos/team/3159-35797.jpg', 'CEO \"Vitsolutions\", LLC', 'maksim+boyko');
INSERT INTO public.team (id, links, name, photo, title, url) VALUES (100187, '""', 'Nikolai Miroshnik', 'https://icobench.com/images/icos/team/3159-35796.jpg', 'Banking Specialist&VP', 'nikolai+miroshnik');
INSERT INTO public.team (id, links, name, photo, title, url) VALUES (100188, 'http://linkedin.com/in/alina-sysa-86717315b', 'Alina Sysa', 'https://icobench.com/images/icos/team/3159-35799.jpg', 'Lawyer, banking specialist', 'alina+sysa');
INSERT INTO public.team (id, links, name, photo, title, url) VALUES (100189, 'https://www.linkedin.com/in/igor-romanenko-51475a15b/', 'Igor Romanenko', 'https://icobench.com/images/icos/team/3159-35792.jpg', 'Founder, CEO', 'igor+romanenko');
INSERT INTO public.team (id, links, name, photo, title, url) VALUES (100190, 'https://www.linkedin.com/in/victorchowsingapore', 'Victor Chow', 'https://icobench.com/images/icos/team/3159-35809.jpg', '""', 'victor+chow');
INSERT INTO public.team (id, links, name, photo, title, url) VALUES (100191, 'https://www.linkedin.com/in/nataliya-yablonskaya-621374159/', 'Natalia Yablonskaya', 'https://icobench.com/images/icos/team/3159-35798.jpg', 'Lawyer Corp', 'natalia+yablonskaya');
INSERT INTO public.team (id, links, name, photo, title, url) VALUES (100192, 'https://www.linkedin.com/in/kseniia-deina-626187119/', 'Kseniia Deina', 'https://icobench.com/images/icos/team/3159-35805.jpg', 'SMM - manager', 'kseniia-deina');
INSERT INTO public.team (id, links, name, photo, title, url) VALUES (100193, 'https://www.linkedin.com/in/sekulik/', 'Sergey Kulik', 'https://icobench.com/images/icos/team/3159-35801.jpg', 'Senior Web Developer', 'sergey+kulik');
INSERT INTO public.team (id, links, name, photo, title, url) VALUES (100194, 'http://linkedin.com/in/semen-lazarko-a07118161', 'Semen Lazarko', 'https://icobench.com/images/icos/team/3159-35804.jpg', 'SMM specialist', 'semen+lazarko');
INSERT INTO public.team (id, links, name, photo, title, url) VALUES (100195, 'https://www.linkedin.com/in/sebastian-forbes-bb21b512a/', 'Sebastian Forbes', 'https://icobench.com/images/icos/team/3159-35808.jpg', '""', 'sebastian+forbes');
INSERT INTO public.team (id, links, name, photo, title, url) VALUES (100196, 'https://www.linkedin.com/in/vlad-romanenko-34a9b815a/', 'Vlad Romanenko', 'https://icobench.com/images/icos/team/3159-35793.jpg', 'Co-founder \"Vitsolutions\", LLC', 'vlad+romanenko');