INSERT INTO public.whitelist (id, category, logo, name, status) VALUES (100022, 'Blockchain Service', 'https://icodrops.com/wp-content/uploads/2017/12/Keep_logo-150x150.jpg', 'Keep Network', ' Open ');
INSERT INTO public.whitelist (id, category, logo, name, status) VALUES (100023, 'Real Business', 'https://icodrops.com/wp-content/uploads/2018/03/FIC-Network-logo-150x150.jpg', 'FIC Network', ' Open ');
INSERT INTO public.whitelist (id, category, logo, name, status) VALUES (100024, 'Blockchain Service', 'https://icodrops.com/wp-content/uploads/2018/04/nOS-logo-150x150.jpg', 'nOS', ' Closed ');
INSERT INTO public.whitelist (id, category, logo, name, status) VALUES (100025, 'Blockchain Service', 'https://icodrops.com/wp-content/uploads/2018/06/Uranus-Logo-150x150.jpg', 'Uranus', ' Open ');
INSERT INTO public.whitelist (id, category, logo, name, status) VALUES (100026, 'IOT', 'https://icodrops.com/wp-content/uploads/2018/06/ioeX-Logo-150x150.jpg', 'ioeX', ' Closed ');
INSERT INTO public.whitelist (id, category, logo, name, status) VALUES (100027, 'Protocol', 'https://icodrops.com/wp-content/uploads/2017/12/Coti-logo-150x150.jpg', 'COTI', ' Closed ');
INSERT INTO public.whitelist (id, category, logo, name, status) VALUES (100028, 'Marketplace', 'https://icodrops.com/wp-content/uploads/2018/01/Wireline-logo-150x150.jpg', 'Wireline', ' Open ');
INSERT INTO public.whitelist (id, category, logo, name, status) VALUES (100029, 'Finance', 'https://icodrops.com/wp-content/uploads/2018/01/Akropolis-logo-150x150.jpg', 'Akropolis', ' Open ');
INSERT INTO public.whitelist (id, category, logo, name, status) VALUES (100030, 'Data Service', 'https://icodrops.com/wp-content/uploads/2018/02/DAX-logo-150x150.jpg', 'DAX', ' Open ');
INSERT INTO public.whitelist (id, category, logo, name, status) VALUES (100031, 'Marketing', 'https://icodrops.com/wp-content/uploads/2018/02/Снимок-экрана-2018-03-12-в-21.58.47-150x150.jpeg', 'Momentum', ' Open ');
INSERT INTO public.whitelist (id, category, logo, name, status) VALUES (100032, 'Healthcare', 'https://icodrops.com/wp-content/uploads/2018/03/SimplyVital-logo-150x150.jpg', 'Health Nexus', ' Open ');
INSERT INTO public.whitelist (id, category, logo, name, status) VALUES (100033, 'Healthcare', 'https://icodrops.com/wp-content/uploads/2018/03/Iryo-Network-logo-150x150.jpg', 'Iryo Network', ' Open ');
INSERT INTO public.whitelist (id, category, logo, name, status) VALUES (100034, 'Cloud Storage', 'https://icodrops.com/wp-content/uploads/2018/03/Cryptyk-logo-150x150.jpg', 'Cryptyk', ' Open ');
INSERT INTO public.whitelist (id, category, logo, name, status) VALUES (100035, 'Data Service', 'https://icodrops.com/wp-content/uploads/2018/03/Mosaic-logo-150x150.jpg', 'Mosaic', ' Open ');
INSERT INTO public.whitelist (id, category, logo, name, status) VALUES (100036, 'Marketing', 'https://icodrops.com/wp-content/uploads/2018/03/Creator.ai-logo-150x150.jpg', 'Creator.ai', ' Open ');
INSERT INTO public.whitelist (id, category, logo, name, status) VALUES (100037, 'Blockchain Service', 'https://icodrops.com/wp-content/uploads/2018/03/Fr8-Network-logo-150x150.jpg', 'Fr8 Network', ' Open ');
INSERT INTO public.whitelist (id, category, logo, name, status) VALUES (100038, 'Marketing', 'https://icodrops.com/wp-content/uploads/2018/03/BOOSTO-logo.jpg', 'BOOSTO', ' Open ');
INSERT INTO public.whitelist (id, category, logo, name, status) VALUES (100039, 'Cloud Storage', 'https://icodrops.com/wp-content/uploads/2018/03/luUnSJPw-150x150.png', 'Fluence', ' Open ');
INSERT INTO public.whitelist (id, category, logo, name, status) VALUES (100040, 'Payments', 'https://icodrops.com/wp-content/uploads/2018/03/Zeex-logo-150x150.jpg', 'Zeex', ' Open ');
INSERT INTO public.whitelist (id, category, logo, name, status) VALUES (100041, 'IOT', 'https://icodrops.com/wp-content/uploads/2018/04/Weeve-logo-150x150.jpg', 'Weeve Network', ' Open ');
INSERT INTO public.whitelist (id, category, logo, name, status) VALUES (100042, 'Blockchain Service', 'https://icodrops.com/wp-content/uploads/2018/04/NOIA-150x150.png', 'NOIA Network', ' Open ');
INSERT INTO public.whitelist (id, category, logo, name, status) VALUES (100043, 'Currency', 'https://icodrops.com/wp-content/uploads/2018/04/Carbon-Money-logo-150x150.jpg', 'Carbon Money', ' Open ');
INSERT INTO public.whitelist (id, category, logo, name, status) VALUES (100044, 'Gaming', 'https://icodrops.com/wp-content/uploads/2018/04/Bountie-logo-150x150.jpg', 'Bountie', ' Open ');
INSERT INTO public.whitelist (id, category, logo, name, status) VALUES (100045, 'Security', 'https://icodrops.com/wp-content/uploads/2018/04/Auditchain-logo-150x150.jpg', 'Auditchain', ' Open ');
INSERT INTO public.whitelist (id, category, logo, name, status) VALUES (100046, 'Blockchain Service', 'https://icodrops.com/wp-content/uploads/2018/04/CryptoCurve-logo-150x150.jpg', 'CryptoCurve', ' Open ');
INSERT INTO public.whitelist (id, category, logo, name, status) VALUES (100047, 'Data Service', 'https://icodrops.com/wp-content/uploads/2018/04/Fysical-Protocol-logo-150x150.jpg', 'Fysical', ' Open ');
INSERT INTO public.whitelist (id, category, logo, name, status) VALUES (100048, 'Blockchain Service', 'https://icodrops.com/wp-content/uploads/2018/04/Deconet-logo-150x150.jpg', 'Deconet', ' Open ');
INSERT INTO public.whitelist (id, category, logo, name, status) VALUES (100049, 'Blockchain Service', 'https://icodrops.com/wp-content/uploads/2018/05/IOV-logo-150x150.jpg', 'IOV', ' Open ');
INSERT INTO public.whitelist (id, category, logo, name, status) VALUES (100050, 'Blockchain', 'https://icodrops.com/wp-content/uploads/2018/05/Radix-DLT-logo-150x150.jpg', 'Radix DLT', ' Open ');
INSERT INTO public.whitelist (id, category, logo, name, status) VALUES (100051, 'Blockchain Service', 'https://icodrops.com/wp-content/uploads/2018/05/AIKON-logo-150x150.jpg', 'AIKON', ' Open ');
INSERT INTO public.whitelist (id, category, logo, name, status) VALUES (100052, 'Media', 'https://icodrops.com/wp-content/uploads/2018/05/imusify-logo-150x150.jpg', 'imusify', ' Open ');
INSERT INTO public.whitelist (id, category, logo, name, status) VALUES (100053, 'Advertising', 'https://icodrops.com/wp-content/uploads/2018/05/Impetus-One-logo-150x150.jpg', 'Impetus One', ' Open ');
INSERT INTO public.whitelist (id, category, logo, name, status) VALUES (100054, 'Social Network', 'https://icodrops.com/wp-content/uploads/2018/05/SpringRole-logo-150x150.jpg', 'SpringRole', ' Open ');
INSERT INTO public.whitelist (id, category, logo, name, status) VALUES (100055, 'Advertising', 'https://icodrops.com/wp-content/uploads/2018/05/Webloc-logo-150x150.jpg', 'weBloc Protocol', ' Open ');
INSERT INTO public.whitelist (id, category, logo, name, status) VALUES (100056, 'Security', 'https://icodrops.com/wp-content/uploads/2018/05/Uncloak-logo-150x150.jpg', 'Uncloak', ' Open ');
INSERT INTO public.whitelist (id, category, logo, name, status) VALUES (100057, 'Blockchain Service', 'https://icodrops.com/wp-content/uploads/2018/05/Agora-logo-150x150.jpg', 'Agora', ' Closed ');
INSERT INTO public.whitelist (id, category, logo, name, status) VALUES (100058, 'Insurance', 'https://icodrops.com/wp-content/uploads/2018/05/SURETY.AI-logo-150x150.jpg', 'SURETY.AI', ' Open ');
INSERT INTO public.whitelist (id, category, logo, name, status) VALUES (100059, 'Cloud Computing', 'https://icodrops.com/wp-content/uploads/2018/05/Deep-Logo-150x150.jpg', 'DeepCloud AI', ' Open ');
INSERT INTO public.whitelist (id, category, logo, name, status) VALUES (100060, 'Media', 'https://icodrops.com/wp-content/uploads/2018/06/Contents-Protocol-logo-150x150.jpg', 'Contents Protocol', ' Open ');
INSERT INTO public.whitelist (id, category, logo, name, status) VALUES (100061, 'Marketplace', 'https://icodrops.com/wp-content/uploads/2018/06/Akash-Logotipe-150x150.jpg', 'Akash Network', ' Open ');
INSERT INTO public.whitelist (id, category, logo, name, status) VALUES (100062, 'Gaming', 'https://icodrops.com/wp-content/uploads/2018/06/EON-Logo-150x150.jpg', 'EON Protocol', ' Open ');
INSERT INTO public.whitelist (id, category, logo, name, status) VALUES (100063, 'Protocol', 'https://icodrops.com/wp-content/uploads/2018/06/Fetch-Logo-150x150.jpg', 'Fetch AI', ' Open ');
INSERT INTO public.whitelist (id, category, logo, name, status) VALUES (100064, 'Exchange', 'https://icodrops.com/wp-content/uploads/2018/06/Alluma-Logo-150x150.jpg', 'Alluma', ' Open ');
INSERT INTO public.whitelist (id, category, logo, name, status) VALUES (100065, 'Blockchain Service', 'https://icodrops.com/wp-content/uploads/2018/06/Orvium-logo-150x150.jpg', 'Orvium', ' Open ');
INSERT INTO public.whitelist (id, category, logo, name, status) VALUES (100066, 'Trading', 'https://icodrops.com/wp-content/uploads/2018/06/Caspian-Logo-150x150.jpg', 'Caspian', ' Open ');
INSERT INTO public.whitelist (id, category, logo, name, status) VALUES (100067, 'Blockchain Service', 'https://icodrops.com/wp-content/uploads/2018/06/Ferrum-logo-150x150.jpg', 'Ferrum Network', ' Open ');
INSERT INTO public.whitelist (id, category, logo, name, status) VALUES (100068, 'Finance', 'https://icodrops.com/wp-content/uploads/2018/06/Orca-Logo-150x150.jpg', 'ORCA', ' Open ');
INSERT INTO public.whitelist (id, category, logo, name, status) VALUES (100069, 'Payments', 'https://icodrops.com/wp-content/uploads/2018/06/Alza-Logo-150x150.jpg', 'ALZA', ' Open ');
INSERT INTO public.whitelist (id, category, logo, name, status) VALUES (100070, 'Marketplace', 'https://icodrops.com/wp-content/uploads/2018/06/Gamb-Logo-150x150.jpg', 'GAMB', ' Open ');
INSERT INTO public.whitelist (id, category, logo, name, status) VALUES (100071, 'Protocol', 'https://icodrops.com/wp-content/uploads/2018/06/logo-150x150.png', 'Fern', ' Open ');
INSERT INTO public.whitelist (id, category, logo, name, status) VALUES (100072, 'Network', 'https://icodrops.com/wp-content/uploads/2018/06/Blackbox-Logo-150x150.jpg', 'Blackbox', ' Open ');
INSERT INTO public.whitelist (id, category, logo, name, status) VALUES (100073, 'Protocol', 'https://icodrops.com/wp-content/uploads/2018/06/Ncent-Logo-2-150x150.jpg', 'Ncent', ' Open ');
INSERT INTO public.whitelist (id, category, logo, name, status) VALUES (100074, 'Marketplace', 'https://icodrops.com/wp-content/uploads/2018/06/DX-Network-Logo-150x150.jpg', 'DX Network', ' Open ');
INSERT INTO public.whitelist (id, category, logo, name, status) VALUES (100075, 'Blockchain Service', 'https://icodrops.com/wp-content/uploads/2018/07/Monet-Logo-150x150.jpg', 'Monet', ' Open ');
INSERT INTO public.whitelist (id, category, logo, name, status) VALUES (100076, 'Healthcare', 'https://icodrops.com/wp-content/uploads/2018/08/Humanscape-Logo-150x150.jpg', 'Humanscape', ' Open ');
INSERT INTO public.whitelist (id, category, logo, name, status) VALUES (100077, 'Blockchain Service', 'https://icodrops.com/wp-content/uploads/2018/08/Omnilytics-Logo-150x150.jpg', 'Omnilytics Platform', ' Open ');
INSERT INTO public.whitelist (id, category, logo, name, status) VALUES (100078, 'Blockchain', 'https://icodrops.com/wp-content/uploads/2018/08/X-Block-Logo-150x150.jpg', 'X-Block', ' Open ');
INSERT INTO public.whitelist (id, category, logo, name, status) VALUES (100079, 'Trading', 'https://icodrops.com/wp-content/uploads/2018/08/Dinngo-Logo-150x150.jpg', 'Dinngo', ' Closed ');
INSERT INTO public.whitelist (id, category, logo, name, status) VALUES (100080, 'Blockchain Service', 'https://icodrops.com/wp-content/uploads/2018/08/ZentaChain-Logo-150x150.jpg', 'Zentachain', ' Open ');
INSERT INTO public.whitelist (id, category, logo, name, status) VALUES (100081, 'Marketplace', 'https://icodrops.com/wp-content/uploads/2018/09/Coindaily-Logo-150x150.jpg', 'CoinDaily', ' Open ');
INSERT INTO public.whitelist (id, category, logo, name, status) VALUES (100082, 'Blockchain Service', 'https://icodrops.com/wp-content/uploads/2018/09/Udap-Logo-150x150.jpg', 'Udap', ' Open ');
INSERT INTO public.whitelist (id, category, logo, name, status) VALUES (100083, 'Security', 'https://icodrops.com/wp-content/uploads/2018/09/IMG_20180923_150722-150x150.jpg', 'Cloudbric', ' Open ');
INSERT INTO public.whitelist (id, category, logo, name, status) VALUES (100084, 'Blockchain Platform', 'https://icodrops.com/wp-content/uploads/2018/09/Mobu-Logo-150x150.jpg', 'Mobu', ' Open ');
INSERT INTO public.whitelist (id, category, logo, name, status) VALUES (100085, 'Blockchain Service', 'https://icodrops.com/wp-content/uploads/2018/09/Temco-Logo-150x150.jpg', 'Temco', ' Soon ');

INSERT INTO public.role (role, id) VALUES ('ADMIN', 100087);
INSERT INTO public.role (role, id) VALUES ('USER', 100088);
INSERT INTO public.role (role, id) VALUES ('USER', 100090);
INSERT INTO public.role (role, id) VALUES ('ADMIN', 100091);
INSERT INTO public.role (role, id) VALUES ('USER', 100093);
INSERT INTO public.role (role, id) VALUES ('ADMIN', 100094);
INSERT INTO public.role (role, id) VALUES ('ADMIN', 100096);
INSERT INTO public.role (role, id) VALUES ('USER', 100097);

INSERT INTO public.appuser (id, email, name, password) VALUES (100086, 'admin@mail.ru', 'admin', '$2a$10$HrDBNlpMa7vZDgrUOXYPp.RyKwIcHvc0pHCqboVdvx4Y2.59Pg2cq');
INSERT INTO public.appuser (id, email, name, password) VALUES (100089, 'user1@mail.ru', 'user1', '$2a$10$F8nUEmiCvQ60uOeO9Aw89O/b2kTxZzVmP1H7MtprnoO.H3PTkGBbq');
INSERT INTO public.appuser (id, email, name, password) VALUES (100092, 'user2@mail.ru', 'user2', '$2a$10$X37RA.JpHnr0YsiZuqsFJu3iUtbfyEj3LgP/hFctbeU6yBTVsj8Bu');
INSERT INTO public.appuser (id, email, name, password) VALUES (100095, 'user3@mail.ru', 'user3', '$2a$10$5q/TtA4L0564C0C2bDYKhenqbYOm19E7Tvu7Px6CjJJUVCSb/WgXy');


INSERT INTO public.appuser_role (user_id, roles_role, roles_id) VALUES (100086, 'ADMIN', 100087);
INSERT INTO public.appuser_role (user_id, roles_role, roles_id) VALUES (100086, 'USER', 100088);
INSERT INTO public.appuser_role (user_id, roles_role, roles_id) VALUES (100089, 'USER', 100090);
INSERT INTO public.appuser_role (user_id, roles_role, roles_id) VALUES (100089, 'ADMIN', 100091);
INSERT INTO public.appuser_role (user_id, roles_role, roles_id) VALUES (100092, 'USER', 100093);
INSERT INTO public.appuser_role (user_id, roles_role, roles_id) VALUES (100092, 'ADMIN', 100094);
INSERT INTO public.appuser_role (user_id, roles_role, roles_id) VALUES (100095, 'ADMIN', 100096);
INSERT INTO public.appuser_role (user_id, roles_role, roles_id) VALUES (100095, 'USER', 100097);


INSERT INTO public.blog (id, name, url, user_id) VALUES (100098, 'cointelegraph', 'https://cointelegraph.com/rss', 100089);
INSERT INTO public.blog (id, name, url, user_id) VALUES (100129, 'coindesk', 'https://www.coindesk.com/feed/', 100089);
INSERT INTO public.blog (id, name, url, user_id) VALUES (100150, 'bitcoin', 'https://news.bitcoin.com/feed/', 100089);
INSERT INTO public.blog (id, name, url, user_id) VALUES (100161, 'minergate', 'https://minergate.com/blog/feed', 100089);
INSERT INTO public.blog (id, name, url, user_id) VALUES (100172, 'cryptoninjas', 'https://www.cryptoninjas.net/feed', 100092);
INSERT INTO public.blog (id, name, url, user_id) VALUES (100183, 'walletinvestor', 'https://walletinvestor.com/blog/feed/', 100092);
INSERT INTO public.blog (id, name, url, user_id) VALUES (100194, 'reddit', 'https://www.reddit.com/r/CryptoCurrency/top/.rss?format=xml', 100092);
INSERT INTO public.blog (id, name, url, user_id) VALUES (100195, 'cryptopotato', 'https://cryptopotato.com/feed', 100095);


INSERT INTO public.item (id, description, link, publishdate, source, title) VALUES (100099, 'Today will see TRON’s new update go live and launch smart contracts to compete with Ethereum, CEO announces', 'https://cointelegraph.com/news/tron-ceo-claims-todays-update-will-make-it-200x-faster-than-ethereum', '2018-10-08 17:30:00.000000', 'cointelegraph', 'TRON CEO Claims Today’s Update Will Make It ‘200x Faster’ Than Ethereum');
INSERT INTO public.item (id, description, link, publishdate, source, title) VALUES (100100, 'A man in China has been been sentenced to 3.5 years in jail for stealing electricity from a train station to mine Bitcoin, says local media', 'https://cointelegraph.com/news/china-man-gets-35-years-in-jail-for-stealing-train-power-to-mine-bitcoin-local-media', '2018-10-08 16:35:00.000000', 'cointelegraph', 'China: Man Gets 3.5 Years in Jail for Stealing Train Power to Mine Bitcoin, Local Media');
INSERT INTO public.item (id, description, link, publishdate, source, title) VALUES (100101, 'Economist and crypto critic Nouriel Roubini says Bitcoin has the worst inequality coefficient in the world, comparing it to the North Korean regime', 'https://cointelegraph.com/news/crypto-is-more-centralized-than-north-korea-says-dr-doom-economist-roubini', '2018-10-08 15:54:00.000000', 'cointelegraph', 'Crypto Is More Centralized Than North Korea, Says ‘Dr. Doom’ Economist Roubini');
INSERT INTO public.item (id, description, link, publishdate, source, title) VALUES (100102, 'New platform allows sending crypto via email and says “complete security” is provided by decentralizing private key shards #SPONSORED', 'https://cointelegraph.com/news/is-it-safe-to-send-crypto-via-email-new-payment-platform-promises-complete-security', '2018-10-08 15:22:00.000000', 'cointelegraph', 'Is it Safe to Send Crypto via Email? New Payment Platform Promises ‘Complete Security’');
INSERT INTO public.item (id, description, link, publishdate, source, title) VALUES (100103, 'Big Four Auditors PwC, KPMG, EY, and Deloitte are using different approach to help large-scale conglomerates implement blockchain technology', 'https://cointelegraph.com/news/how-big-four-auditors-delve-into-blockchain-pwc-deloitte-ey-and-kpmg-approaches-compared', '2018-10-08 14:40:00.000000', 'cointelegraph', 'How Big Four Auditors Delve Into Blockchain: PwC, Deloitte, EY and KPMG Approaches Compared');
INSERT INTO public.item (id, description, link, publishdate, source, title) VALUES (100104, 'Binance announces all listing fees will be donated to charity from now on, noting the altcoin’s developers will decide the amount themselves', 'https://cointelegraph.com/news/worlds-largest-crypto-exchange-binance-announces-all-listing-fees-will-be-donated-to-charity', '2018-10-08 14:02:00.000000', 'cointelegraph', 'World’s Largest Crypto Exchange Binance Announces All Listing Fees Will Be Donated to Charity');
INSERT INTO public.item (id, description, link, publishdate, source, title) VALUES (100105, 'Major crypto exchange Bitfinex has responded to a recent swathe of online rumors, denying that the exchange is “insolvent” or facing banking issues', 'https://cointelegraph.com/news/crypto-exchange-bitfinex-denies-rumors-of-insolvency-and-banking-issues', '2018-10-08 13:41:00.000000', 'cointelegraph', 'Crypto Exchange Bitfinex Denies Rumors of ''Insolvency'' and ''Banking Issues''');
INSERT INTO public.item (id, description, link, publishdate, source, title) VALUES (100106, 'South Korean messaging giant Kakao’s blockchain DApp platform has gone live in testnet form', 'https://cointelegraph.com/news/messaging-giant-kakao-corp-releases-blockchain-platform-testnet-ahead-of-q1-2019-launch', '2018-10-08 12:22:00.000000', 'cointelegraph', 'Messaging Giant Kakao Corp Releases Blockchain Platform Testnet Ahead Of Q1 2019 Launch');
INSERT INTO public.item (id, description, link, publishdate, source, title) VALUES (100107, 'Law enforcement agencies and the military could benefit from blockchain as much as financial institutions do. DARPA is already in', 'https://cointelegraph.com/news/from-encrypted-messaging-to-critical-fire-systems-blockchain-for-security-sector', '2018-10-08 09:49:00.000000', 'cointelegraph', 'From Encrypted Messaging to Critical Fire Systems: Blockchain for Security Sector');
INSERT INTO public.item (id, description, link, publishdate, source, title) VALUES (100108, 'New Venezuelan passports to cost 2 petros — four times the national monthly minimum wage', 'https://cointelegraph.com/news/venezuela-mandates-passport-fees-must-be-paid-in-controversial-cryptocurrency-petro', '2018-10-07 20:25:00.000000', 'cointelegraph', 'Venezuela Mandates Passport Fees Must Be Paid in Controversial Cryptocurrency Petro');
INSERT INTO public.item (id, description, link, publishdate, source, title) VALUES (100109, 'No major movements in crypto markets as Bitcoin sees week of relative calm', 'https://cointelegraph.com/news/bitcoin-altcoin-prices-shun-volatility-amid-multi-year-trade-volume-lows', '2018-10-07 20:06:00.000000', 'cointelegraph', 'Bitcoin, Altcoin Prices Shun Volatility Amid Multi-Year Trade Volume Lows');
INSERT INTO public.item (id, description, link, publishdate, source, title) VALUES (100110, 'The Bank of America sees a $7 billion future for blockchain, while Venezuela may finally launch the Petro in November', 'https://cointelegraph.com/news/hodlers-digest-october-1-8-wsj-gets-in-and-out-of-crypto-while-bofa-sees-a-7-billion-future-for-blockchain', '2018-10-07 18:15:00.000000', 'cointelegraph', 'Hodler’s Digest, October 1-8: WSJ Gets In and Out of Crypto, While BofA Sees a $7 Billion Future for Blockchain');
INSERT INTO public.item (id, description, link, publishdate, source, title) VALUES (100111, 'Government crypto-tracking is growing, but there are still ways to remain anonymous', 'https://cointelegraph.com/news/government-tracking-of-crypto-is-growing-but-there-are-ways-to-avoid-it', '2018-10-07 15:55:00.000000', 'cointelegraph', 'Government Tracking of Crypto Is Growing, But There Are Ways to Avoid It');
INSERT INTO public.item (id, description, link, publishdate, source, title) VALUES (100112, 'Crypto-to-fiat transactions over €80,000 under investigation by Lithuanian regulators.', 'https://cointelegraph.com/news/huge-cash-flows-lithuania-voices-concern-over-ico-crypto-trading', '2018-10-07 15:36:00.000000', 'cointelegraph', '‘Huge Cash Flows’: Lithuania Voices Concern Over ICO, Crypto Trading');
INSERT INTO public.item (id, description, link, publishdate, source, title) VALUES (100113, 'Crypto markets stay mostly stable this week despite big news, including major institutional investments into crypto', 'https://cointelegraph.com/news/crypto-markets-stay-mostly-stagnant-despite-this-weeks-major-news-for-industry', '2018-10-07 01:29:00.000000', 'cointelegraph', 'Crypto Markets Stay Mostly Stagnant Despite This Week’s Major News for Industry');
INSERT INTO public.item (id, description, link, publishdate, source, title) VALUES (100114, 'A new Taiwan exchange platform says it uses 80 percent of its fee revenue to reward its community. #SPONSORED', 'https://cointelegraph.com/news/new-taiwanese-exchange-rewards-users-for-token-mining-and-staking-from-its-fee-revenue', '2018-10-07 00:18:00.000000', 'cointelegraph', 'New Taiwanese Exchange Rewards Users for Token Mining and Staking From Its Fee Revenue');
INSERT INTO public.item (id, description, link, publishdate, source, title) VALUES (100115, 'Blockstream co-founder Mark Friedenbach suggests Bitcoin scaling idea for increased settlement capacity that he claims does not require a hard fork', 'https://cointelegraph.com/news/bitcoins-block-size-can-be-increased-without-hard-fork-says-blockstream-co-founder', '2018-10-06 22:58:00.000000', 'cointelegraph', 'Bitcoin’s Block Size Can Be Increased Without Hard Fork, Says Blockstream Co-Founder');
INSERT INTO public.item (id, description, link, publishdate, source, title) VALUES (100116, 'Crypto in South Africa — a balancing act of promoting growth and protecting investors', 'https://cointelegraph.com/news/south-africa-and-crypto-a-conservatively-optimistic-approach', '2018-10-06 15:09:00.000000', 'cointelegraph', 'South Africa and Crypto – a Conservatively Optimistic Approach');
INSERT INTO public.item (id, description, link, publishdate, source, title) VALUES (100117, 'A report from cybersecurity firm Banbreach states that more than 30,000 routers in India are infected with cryptojacking software', 'https://cointelegraph.com/news/report-number-of-compromised-routers-in-india-doubled-reaching-almost-30-000', '2018-10-06 06:30:00.000000', 'cointelegraph', 'Report: Number of Compromised Routers in India Doubled, Reaching Almost 30,000');
INSERT INTO public.item (id, description, link, publishdate, source, title) VALUES (100118, 'Expert at Blockchain Capital and former analyst Spencer Bogart said that the Bitcoin price has nearly hit its bottom', 'https://cointelegraph.com/news/blockchain-capital-expert-bitcoin-is-close-to-bottoming', '2018-10-06 05:55:00.000000', 'cointelegraph', 'Blockchain Capital Expert: ‘Bitcoin Is Close to Bottoming’');
INSERT INTO public.item (id, description, link, publishdate, source, title) VALUES (100119, 'A recent poll by Clovr shows that millennial men with an annual income of $75,000 or more are most interested in crypto investing', 'https://cointelegraph.com/news/survey-high-earning-millennial-men-are-most-interested-in-crypto-investing', '2018-10-06 04:53:00.000000', 'cointelegraph', 'Survey: High-Earning Millennial Men are Most Interested in Crypto Investing');
INSERT INTO public.item (id, description, link, publishdate, source, title) VALUES (100120, 'Crypto finance company Circle has acquired equity crowdfunding platform and broker-dealer SeedInvest, and aims to expand SeedInvest’s offerings to cry', 'https://cointelegraph.com/news/circle-acquires-crowdfunding-platform-and-broker-dealer-seedinvest', '2018-10-06 03:11:00.000000', 'cointelegraph', 'Circle Acquires Crowdfunding Platform and Broker-Dealer SeedInvest');
INSERT INTO public.item (id, description, link, publishdate, source, title) VALUES (100121, 'The chairman of U.S. derivatives watchdog, the CFTC, noted cases of crypto fraud among last year’s record number of enforcement actions', 'https://cointelegraph.com/news/us-cftc-chair-notes-crypto-cases-in-record-year-of-enforcement-actions', '2018-10-06 02:29:00.000000', 'cointelegraph', 'US: CFTC Chair Notes Crypto Cases in Record Year of Enforcement Actions');
INSERT INTO public.item (id, description, link, publishdate, source, title) VALUES (100122, 'Bitcoin has become less volatile, which in turn has made it a better investment vehicle, but has it bottomed, or can it fall further?', 'https://cointelegraph.com/news/bitcoin-ethereum-ripple-bitcoin-cash-eos-stellar-litecoin-cardano-monero-iota-price-analysis-october-5', '2018-10-06 00:51:00.000000', 'cointelegraph', 'Bitcoin, Ethereum, Ripple, Bitcoin Cash, EOS, Stellar, Litecoin, Cardano, Monero, IOTA: Price Analysis, October 5');
INSERT INTO public.item (id, description, link, publishdate, source, title) VALUES (100123, 'Blockchain, crypto and fintech mean “endless” possibilities, Malta’s finance minister told Cointelegraph', 'https://cointelegraph.com/news/maltas-finance-minister-crypto-means-finance-middlemen-face-the-chop', '2018-10-05 22:56:00.000000', 'cointelegraph', 'Malta’s Finance Minister: Crypto Means Finance Middlemen ‘Face The Chop’');
INSERT INTO public.item (id, description, link, publishdate, source, title) VALUES (100124, 'Details of recent EOS scandal: why governance system might be flawed, community and developer reaction, and Vitalik’s “I told you so”', 'https://cointelegraph.com/news/corrupt-governance-what-we-know-about-recent-eos-scandal', '2018-10-05 21:58:00.000000', 'cointelegraph', 'Corrupt Governance? What We Know About Recent EOS Scandal');
INSERT INTO public.item (id, description, link, publishdate, source, title) VALUES (100125, 'Crypto markets are seeing little price movement, with almost all top 20 coins fluctuating less than 1% on the day', 'https://cointelegraph.com/news/bitcoin-hovers-near-6-600-while-most-top-coins-see-little-price-volatility', '2018-10-05 21:10:00.000000', 'cointelegraph', 'Bitcoin Hovers Near 6,600, While Most Top Coins See Little Price Volatility');
INSERT INTO public.item (id, description, link, publishdate, source, title) VALUES (100126, 'A blockchain startup from Ghana makes Time Magazine’s top 50 “Genius Companies” list, along with Apple, Netflix and SpaceX', 'https://cointelegraph.com/news/time-magazine-includes-blockchain-startup-in-its-50-genius-companies-2018-list', '2018-10-05 19:42:00.000000', 'cointelegraph', 'Time Magazine Includes Blockchain Startup in Its 50 ‘Genius Companies 2018’ List');
INSERT INTO public.item (id, description, link, publishdate, source, title) VALUES (100127, 'U.S. SEC says review period for various Bitcoin ETFs will continue until October 26', 'https://cointelegraph.com/news/us-sec-sets-october-26-deadline-for-reviewing-nine-bitcoin-etf-applications', '2018-10-05 19:03:00.000000', 'cointelegraph', 'US SEC Sets November 5 Deadline for Reviewing Nine Bitcoin ETF Applications');
INSERT INTO public.item (id, description, link, publishdate, source, title) VALUES (100128, 'Two Chilean MPs present a resolution on blockchain to the country’s parliament, urging to adopt the tech for public needs', 'https://cointelegraph.com/news/chilean-mps-present-blockchain-adoption-resolution-to-parliament', '2018-10-05 18:14:00.000000', 'cointelegraph', 'Chilean MPs Present Blockchain Adoption Resolution to Parliament');
INSERT INTO public.item (id, description, link, publishdate, source, title) VALUES (100130, 'An Indian commercial bank has revealed it is building a cross-border remittance app based on R3''s Corda blockchain platform.', 'https://www.coindesk.com/indias-federal-bank-is-building-a-remittance-app-on-r3s-corda/', '2018-10-08 16:40:50.000000', 'coindesk', 'India''s Federal Bank Is Building a Remittance App on R3''s Corda');
INSERT INTO public.item (id, description, link, publishdate, source, title) VALUES (100131, 'Venezuelans must now pay for passports with the country''s controversial petro token, according to a report.', 'https://www.coindesk.com/venezuelans-forced-to-use-petro-cryptocurrency-to-pay-for-passports/', '2018-10-08 15:30:58.000000', 'coindesk', 'Venezuelans Forced to Use Petro Cryptocurrency to Pay for Passports');
INSERT INTO public.item (id, description, link, publishdate, source, title) VALUES (100132, 'IBM is taking its food-tracking blockchain into production and has already signed up European supermarket giant Carrefour.', 'https://www.coindesk.com/ibm-food-supply-chain-blockchain-carrefour-live-production/', '2018-10-08 14:30:09.000000', 'coindesk', 'IBM''s Food Blockchain Is Going Live With a Supermarket Giant on Board');
INSERT INTO public.item (id, description, link, publishdate, source, title) VALUES (100133, 'Bitcoin price volatility continues to drop, with the weekly price range hitting its lowest level since July 2017.', 'https://www.coindesk.com/another-measure-of-bitcoin-price-volatility-hits-15-month-low/', '2018-10-08 14:15:25.000000', 'coindesk', 'Bitcoin''s Price Volatility Just Hit Another 15-Month Low');
INSERT INTO public.item (id, description, link, publishdate, source, title) VALUES (100134, 'Binance Labs, the crypto exchange''s incubator wing, says it has has invested millions in smart contract and blockchain auditing platform CertiK.', 'https://www.coindesk.com/binance-labs-invests-millions-in-blockchain-auditing-platform-certik/', '2018-10-08 14:00:58.000000', 'coindesk', 'Binance Labs Invests Millions in Blockchain Auditing Platform CertiK');
INSERT INTO public.item (id, description, link, publishdate, source, title) VALUES (100135, 'Binance, the world''s largest crypto exchange by trading volume, says all listing fees will now be declared and donated to its charity arm.', 'https://www.coindesk.com/binance-to-disclose-crypto-listing-fees-donate-100-to-charity/', '2018-10-08 13:30:06.000000', 'coindesk', 'Binance to Disclose Crypto Listing Fees, Donate 100% to Charity');
INSERT INTO public.item (id, description, link, publishdate, source, title) VALUES (100136, 'Bitfinex has hit back against claims it is insolvent, disclosing wallet addresses appearing to show it holds over $1.5 billion in crypto assets.', 'https://www.coindesk.com/crypto-exchange-bitfinex-denies-accusation-of-insolvency/', '2018-10-08 12:30:03.000000', 'coindesk', 'Crypto Exchange Bitfinex Denies Accusations of Insolvency');
INSERT INTO public.item (id, description, link, publishdate, source, title) VALUES (100137, 'Kakao''s blockchain arm Ground X has announced the launch of the test version of its proprietary blockchain network dubbed Klaytn.', 'https://www.coindesk.com/messaging-giant-kakao-launches-its-own-blockchain-for-testing/', '2018-10-08 11:00:05.000000', 'coindesk', 'Messaging Giant Kakao Launches Its Own Blockchain for Testing');
INSERT INTO public.item (id, description, link, publishdate, source, title) VALUES (100138, 'The mayor of Seoul plans to invest $100 million over the next five years to develop the South Korean capital as a smart city powered by blockchain.', 'https://www.coindesk.com/seoul-mayor-plans-100-million-fund-to-build-blockchain-smart-city/', '2018-10-08 09:00:05.000000', 'coindesk', 'Seoul Mayor Plans $100 Million Fund to Build Blockchain Smart City');
INSERT INTO public.item (id, description, link, publishdate, source, title) VALUES (100139, 'Can flat abs gurus and mommy bloggers sell the masses on using crypto? Inside the stealth startup that''s raising big to do just that.', 'https://www.coindesk.com/good-moneys-master-plan-a-stealth-bid-to-hook-celebrities-on-crypto-exposed/', '2018-10-08 06:01:28.000000', 'coindesk', 'Good Money''s Master Plan: A Stealth Bid to Get Celebrities Promoting Crypto');
INSERT INTO public.item (id, description, link, publishdate, source, title) VALUES (100140, 'By the end of the year, an initial coin offering will be launched on bitcoin. thanks to sidechains tech.', 'https://www.coindesk.com/sidechains-are-bringing-icos-to-bitcoin-and-that-might-change-crypto-funding/', '2018-10-07 13:30:10.000000', 'coindesk', 'Sidechains Are Bringing ICOs to Bitcoin And That Might Change Crypto Funding');
INSERT INTO public.item (id, description, link, publishdate, source, title) VALUES (100141, 'When combined with other technical tools, pivot points are valued among day traders for their ability to analyze price movement and more.', 'https://www.coindesk.com/crypto-trading-101-pivot-points-and-why-theyre-useful/', '2018-10-06 12:30:25.000000', 'coindesk', 'Crypto Trading 101: Pivot Points And Why They''re Useful');
INSERT INTO public.item (id, description, link, publishdate, source, title) VALUES (100142, 'Developer Mark Friedenbach has unveiled a discovery that could make certain contentious changes to bitcoin a bit easier.', 'https://www.coindesk.com/bitcoin-breakthrough-tech-forward-blocks/', '2018-10-06 06:07:28.000000', 'coindesk', 'Bitcoin ''Breakthrough'' Claims Block Size Increase Possible Without Hard Fork');
INSERT INTO public.item (id, description, link, publishdate, source, title) VALUES (100143, 'Soulja Boy is diving head-first into the crypto world with a song titled "Bitcoin" off his latest track.', 'https://www.coindesk.com/rapper-soulja-boy-drops-song-about-making-money-on-bitcoin/', '2018-10-06 00:00:10.000000', 'coindesk', 'Rapper Soulja Boy Brags About Bitcoin Gains in New Rap Track');
INSERT INTO public.item (id, description, link, publishdate, source, title) VALUES (100144, 'A bipartisan group of U.S. senators is pushing for tighter sanctions against Venezuela''s state-backed cryptocurrency, known as the petro.', 'https://www.coindesk.com/us-senators-seek-stronger-sanctions-on-venezuelas-petro-cryptocurrency/', '2018-10-05 23:00:06.000000', 'coindesk', 'US Senators Seek Stronger Sanctions on Venezuela''s ''Petro'' Cryptocurrency');
INSERT INTO public.item (id, description, link, publishdate, source, title) VALUES (100145, 'Panelists at a CFTC meeting explained that stronger regulations or self-enforcement may help protect crypto investors.', 'https://www.coindesk.com/cftc-meeting-hears-renewed-calls-for-crypto-self-regulation/', '2018-10-05 22:00:11.000000', 'coindesk', 'CFTC Meeting Hears Renewed Calls for Crypto Self-Regulation');
INSERT INTO public.item (id, description, link, publishdate, source, title) VALUES (100146, 'The SEC is asking for further comment on nine different bitcoin exchange-traded fund rule change proposals currently under review.', 'https://www.coindesk.com/sec-asks-for-more-comments-on-rejected-bitcoin-etfs/', '2018-10-05 20:27:02.000000', 'coindesk', 'SEC Asks for Additional Comment on Rejected Bitcoin ETFs');
INSERT INTO public.item (id, description, link, publishdate, source, title) VALUES (100147, 'A patent application by the Shenzhen Graduate School outlines a blockchain platform for managing top-level web domains.', 'https://www.coindesk.com/chinese-university-proposes-managing-web-domains-on-a-blockchain/', '2018-10-05 18:15:06.000000', 'coindesk', 'Chinese University Proposes Managing Web Domains On a Blockchain');
INSERT INTO public.item (id, description, link, publishdate, source, title) VALUES (100148, 'Crypto company Circle is reportedly moving to acquire SeedInvest, a crowdfunding platform for startups.', 'https://www.coindesk.com/circle-crypto-securities-bid-crowdfunding-seedinvest-acquisition/', '2018-10-05 16:50:40.000000', 'coindesk', 'Circle Eyes Crypto Securities Bid With Crowdfunding Site Acquisition');
INSERT INTO public.item (id, description, link, publishdate, source, title) VALUES (100149, 'A supposed cheat for the massively popular video game Fortnite turns out to be malware designed to steal bitcoin wallet login details.', 'https://www.coindesk.com/fake-cheat-for-popular-game-fortnite-hides-bitcoin-targeting-malware/', '2018-10-05 16:30:39.000000', 'coindesk', 'Fake Cheat for Popular Game Fortnite Hides Bitcoin-Targeting Malware');
INSERT INTO public.item (id, description, link, publishdate, source, title) VALUES (100151, 'The popular Binance exchange has decide to replace its token listing fees with donations. The move follows a recent wave of strong criticism against c', 'https://news.bitcoin.com/binance-exchange-to-replace-token-listing-fees-with-donations/', '2018-10-08 16:20:54.000000', 'bitcoin', 'Binance Exchange to Replace Token Listing Fees With Donations');
INSERT INTO public.item (id, description, link, publishdate, source, title) VALUES (100152, 'To kick-start the new week, we bring you news of bitcoin hitting a record low — for volatility, not price. There’s also been an altcoin breakout ahead', 'https://news.bitcoin.com/the-daily-bitcoins-low-volatility-and-high-liquidity-pwc-backs-stablecoin/', '2018-10-08 10:50:01.000000', 'bitcoin', 'The Daily: BTC Volatility Low, New Liquidity Ranking Site & PwC Backs Stablecoin');
INSERT INTO public.item (id, description, link, publishdate, source, title) VALUES (100153, 'Former Grammy and Nickelodeon Kids’ Choice Awards nominee Soulja Boy has become the latest celebrity seeking to associate themselves with cryptocurren', 'https://news.bitcoin.com/soulja-boy-bitcoin/', '2018-10-08 08:48:09.000000', 'bitcoin', 'Rapper Soulja Boy Releases New Single Titled ‘Bitcoin’');
INSERT INTO public.item (id, description, link, publishdate, source, title) VALUES (100154, 'A bipartisan group of senators in the United States are seeking strong sanctions against Venezuela’s Petro. The proposed sanctions would extend an exe', 'https://news.bitcoin.com/u-s-sanctions-venezuelan-petro/', '2018-10-08 06:25:41.000000', 'bitcoin', 'U.S. Senators Push for Stronger Sanctions Against Venezuelan Petro');
INSERT INTO public.item (id, description, link, publishdate, source, title) VALUES (100155, 'Crypto trading app Robinhood is now available in more U.S. states. In October, the platform has launched services in Rhode Island, Tennessee and Arkan', 'https://news.bitcoin.com/robinhood-crypto-expands-to-three-more-states/', '2018-10-08 01:05:34.000000', 'bitcoin', 'Robinhood Crypto Expands to Three More States');
INSERT INTO public.item (id, description, link, publishdate, source, title) VALUES (100156, 'Bitfinex has vigorously refuted claims that it and its Tether stablecoin are on the brink of insolvency. Rumors have surrounded the opaque exchange fo', 'https://news.bitcoin.com/bitfinex-strongly-refutes-insolvency-claims/', '2018-10-07 23:05:14.000000', 'bitcoin', 'Bitfinex Strongly Refutes Insolvency Claims');
INSERT INTO public.item (id, description, link, publishdate, source, title) VALUES (100157, 'The South Korean National Police Agency has produced a report of all hacking incidents of crypto exchanges and wallets in the country during the past ', 'https://news.bitcoin.com/crypto-exchanges-wallets-hacked-korea/', '2018-10-07 21:05:08.000000', 'bitcoin', 'Total of 7 Crypto Exchanges and 158 Wallets Hacked in South Korea, Police Find');
INSERT INTO public.item (id, description, link, publishdate, source, title) VALUES (100158, 'Venezuelan authorities have found another way to impose the adoption of the state-issued cryptocurrency, the petro. Citizens will soon have to pay wit', 'https://news.bitcoin.com/venezuela-demands-citizens-pay-for-passports-with-petro/', '2018-10-07 17:30:52.000000', 'bitcoin', 'Venezuela Demands Citizens Pay for Passports With Petro');
INSERT INTO public.item (id, description, link, publishdate, source, title) VALUES (100159, 'In today’s edition of The Daily we cover stories about a well known economics professor and outspoken crypto-skeptic who is going to speak about the s', 'https://news.bitcoin.com/the-daily-crypto-skeptic-professor-to-speak-at-us-senate-coinmama-adds-sepa/', '2018-10-07 15:20:56.000000', 'bitcoin', 'The Daily: Crypto-Skeptic Professor to Speak at US Senate, Coinmama Adds SEPA');
INSERT INTO public.item (id, description, link, publishdate, source, title) VALUES (100160, 'Sweden’s central bank is discussing introducing a controversial new measure that will further deter its citizens from saving. The oxymoronic “negative', 'https://news.bitcoin.com/negative-interest-is-the-latest-government-scheme-to-deter-saving/', '2018-10-07 12:50:12.000000', 'bitcoin', '“Negative Interest” Is the Latest Government Scheme to Deter Saving');
INSERT INTO public.item (id, description, link, publishdate, source, title) VALUES (100162, 'Smart contracts is a feature that is mentioned in almost every blockchain-related discussion. Indeed, the technology turned out to be extremely handy ', 'https://minergate.com/blog/smart-contracts-in-blockchain-explained/', '2018-10-05 19:23:57.000000', 'minergate', 'Smart Contracts in Blockchain Explained');
INSERT INTO public.item (id, description, link, publishdate, source, title) VALUES (100163, 'Dead coins are an actual burden for the cryptocurrency community. Not only do they result in substantial losses for miners and traders but they also l', 'https://minergate.com/blog/dead-coins-how-to-make-profit-on-them/', '2018-10-03 18:39:49.000000', 'minergate', 'Dead coins: How to make profit on them?');
INSERT INTO public.item (id, description, link, publishdate, source, title) VALUES (100164, 'One of the latest trends for cryptocurrency and blockchain developers is making projects aimed at so-called developing countries. Limited access to th', 'https://minergate.com/blog/crypto-opportunities-for-developing-countries/', '2018-10-01 18:01:20.000000', 'minergate', 'Crypto Opportunities for Developing Countries');
INSERT INTO public.item (id, description, link, publishdate, source, title) VALUES (100165, 'Dear miners, The MinerGate team is pleased that so many of you joined the Beta-testing of the new xFast CLI Miner. However, we received many messages ', 'https://minergate.com/blog/update-on-console-commands-for-minergate-xfast-cli-miner/', '2018-09-27 18:53:10.000000', 'minergate', 'Update on console commands for MinerGate xFast CLI Miner');
INSERT INTO public.item (id, description, link, publishdate, source, title) VALUES (100166, 'Cryptocurrencies, as we all know, are not secured with some stable assets, however, they’ve got a value and an exchange rate against the U.S. Dollar, ', 'https://minergate.com/blog/stablecoins-what-are-they-and-what-perspectives-they-have/', '2018-09-26 18:41:26.000000', 'minergate', 'Stablecoins: what are they and what perspectives they have?');
INSERT INTO public.item (id, description, link, publishdate, source, title) VALUES (100167, 'Dear miners, We are glad to introduce the Beta version of MinerGate xFast CLI Miner, which underwent a serious upgrade to provide higher performance t', 'https://minergate.com/blog/minergate-xfast-mining-engine-updated/', '2018-09-21 18:23:11.000000', 'minergate', 'MinerGate xFast – mining engine updated');
INSERT INTO public.item (id, description, link, publishdate, source, title) VALUES (100168, 'There is no doubt that mining is the backbone of every cryptocurrency. Whether it is on a mobile phone, ASIC, or hardware in the Cloud, it is these co', 'https://minergate.com/blog/cryptonote-mining-overview/', '2018-09-21 17:24:27.000000', 'minergate', 'CryptoNote Mining Overview');
INSERT INTO public.item (id, description, link, publishdate, source, title) VALUES (100169, 'Dear miners, We are glad to inform you, that recent issues with Bytecoin withdrawals were finally solved. Starting from now you can transfer all your ', 'https://minergate.com/blog/minergate-resumes-bytecoin-withdrawals-to-freewallet/', '2018-09-20 18:48:17.000000', 'minergate', 'MinerGate resumes Bytecoin withdrawals to Freewallet');
INSERT INTO public.item (id, description, link, publishdate, source, title) VALUES (100170, 'Today we are excited to announce our official media partner – Coinspeaker, reputable and influential news outlet, covering the most vivid topics on th', 'https://minergate.com/blog/minergates-new-media-partner-coinspeaker/', '2018-09-19 16:12:06.000000', 'minergate', 'MinerGate’s New Media Partner – Coinspeaker');
INSERT INTO public.item (id, description, link, publishdate, source, title) VALUES (100171, 'There have been many algorithms discussed and proposed over the years in the cryptocurrency space. There are many arguments for and against each Proof', 'https://minergate.com/blog/cryptonight-vs-equihash/', '2018-09-17 19:28:58.000000', 'minergate', 'CryptoNight vs. EquiHash');
INSERT INTO public.item (id, description, link, publishdate, source, title) VALUES (100173, 'CryptoNinjas IBM announced today the general availability of IBM Food Trust, its blockchain based food supply chain network amid growing adoption. The', 'https://www.cryptoninjas.net/2018/10/08/ibm-announces-general-availability-of-blockchain-based-food-supply-chain-network/', '2018-10-08 14:55:33.000000', 'cryptoninjas', 'IBM announces general availability of blockchain based food supply chain network');
INSERT INTO public.item (id, description, link, publishdate, source, title) VALUES (100174, 'CryptoNinjas Tomochain, the blockchain application ecosystem announced that it has partnered with Portal Network, the decentralized domain name servic', 'https://www.cryptoninjas.net/2018/10/08/tomochain-partners-with-portal-network-to-establish-blockchain-name-service-standard/', '2018-10-08 14:37:19.000000', 'cryptoninjas', 'TomoChain partners with Portal Network to establish blockchain name service standard');
INSERT INTO public.item (id, description, link, publishdate, source, title) VALUES (100175, 'CryptoNinjas The man who set up one of the first activism hedge funds in Hong Kong for CM Asset Management called the Shareholder Value Fund, has deci', 'https://www.cryptoninjas.net/2018/10/08/chinese-hedge-fund-manager-launching-decentralized-venture-capital-ecosystem/', '2018-10-08 13:45:06.000000', 'cryptoninjas', 'Chinese hedge fund manager launching decentralized venture capital ecosystem');
INSERT INTO public.item (id, description, link, publishdate, source, title) VALUES (100176, 'CryptoNinjas goTenna, the mesh networking company for decentralized communications technology has announced that TxTenna is now available to the gener', 'https://www.cryptoninjas.net/2018/10/08/gotenna-and-samourai-wallet-launch-txtenna-use-bitcoin-regardless-of-internet-access/', '2018-10-08 13:15:34.000000', 'cryptoninjas', 'goTenna and Samourai Wallet launch TxTenna: Use bitcoin regardless of internet access');
INSERT INTO public.item (id, description, link, publishdate, source, title) VALUES (100177, 'CryptoNinjas VNX Exchange, a marketplace and trading platform for tokenized venture capital assets, today announced a partnership with NEM, a leading ', 'https://www.cryptoninjas.net/2018/10/08/vnx-exchange-to-develop-security-token-protocols-with-nem/', '2018-10-08 13:01:14.000000', 'cryptoninjas', 'VNX Exchange to develop security token protocols with NEM');
INSERT INTO public.item (id, description, link, publishdate, source, title) VALUES (100178, 'CryptoNinjas Bidooh, a real-time, real-audience, digital billboard advertising platform, today announced that digital asset exchanges OKEx has partici', 'https://www.cryptoninjas.net/2018/10/08/digital-asset-exchange-okex-participates-in-bidoohs-ico/', '2018-10-08 12:49:40.000000', 'cryptoninjas', 'Digital asset exchange OKEx participates in Bidooh’s ICO');
INSERT INTO public.item (id, description, link, publishdate, source, title) VALUES (100179, 'CryptoNinjas Ledger Capital, a blockchain advisory and financial services firm, today announced a strategic partnership with Opera, the internet brows', 'https://www.cryptoninjas.net/2018/10/08/ledger-capital-partners-with-opera-grow-its-blockchain-technology-initiative/', '2018-10-08 10:01:56.000000', 'cryptoninjas', 'Ledger Capital partners with Opera grow its blockchain technology initiative');
INSERT INTO public.item (id, description, link, publishdate, source, title) VALUES (100180, 'CryptoNinjas Genesis Block has announced a collaboration between its FINRA-registered broker-dealer affiliate, GB Capital Markets, and decentralized t', 'https://www.cryptoninjas.net/2018/10/05/genesis-block-and-airswap-form-partnership-for-security-tokens/', '2018-10-06 00:12:49.000000', 'cryptoninjas', 'Genesis Block and AirSwap form partnership for security tokens');
INSERT INTO public.item (id, description, link, publishdate, source, title) VALUES (100181, 'CryptoNinjas æternity, a blockchain 3.0 platform designed efficiency, transparent governance and global scalability, has partnered with DSTOQ, a licen', 'https://www.cryptoninjas.net/2018/10/05/blockchain-platform-aeternity-teams-with-dstoq-to-offer-security-tokens/', '2018-10-05 20:45:45.000000', 'cryptoninjas', 'Blockchain platform æternity teams with DSTOQ to offer security tokens');
INSERT INTO public.item (id, description, link, publishdate, source, title) VALUES (100182, 'CryptoNinjas Varanida, a decentralized ad technology that rewards users for their attention online, while giving more value to publishers, and protect', 'https://www.cryptoninjas.net/2018/10/05/varanida-vad-ico-for-blockchain-based-digital-ad-network-kicks-off/', '2018-10-05 19:53:47.000000', 'cryptoninjas', 'Varanida (VAD) ICO for blockchain based digital ad network kicks off');
INSERT INTO public.item (id, description, link, publishdate, source, title) VALUES (100184, 'Hot news: These changes have happened in the last hour. In the last one hour Bitcoin is leading the record of among the most popular crypto-currency i', 'https://walletinvestor.com/blog/2018/09/24/bitcoin-6609-990-cryptocurrency-trading-report-24-09-2018-0908/', '2018-09-24 12:10:53.000000', 'walletinvestor', 'Bitcoin $6609.990 – CryptoCurrency Trading Report – 24.09.2018 09:08');
INSERT INTO public.item (id, description, link, publishdate, source, title) VALUES (100185, 'Hot news: The summaries of the last one hour are the followings: Bitcoin is leading the rank on the most popular crypto-currency, it has an upsurge of', 'https://walletinvestor.com/blog/2018/09/24/bitcoin-6668-000-cryptocurrency-trading-report-24-09-2018-0808/', '2018-09-24 11:17:49.000000', 'walletinvestor', 'Bitcoin $6668.000 – CryptoCurrency Trading Report – 24.09.2018 08:08');
INSERT INTO public.item (id, description, link, publishdate, source, title) VALUES (100186, 'Hot news: Here we summon for you the changes of the market of CryptoCurrency from the last 60 minutes. In the last hour, Bitcoin is leading the crypto', 'https://walletinvestor.com/blog/2018/09/24/bitcoin-6640-360-cryptocurrency-trading-report-24-09-2018-0708/', '2018-09-24 10:17:34.000000', 'walletinvestor', 'Bitcoin $6640.360 – CryptoCurrency Trading Report – 24.09.2018 07:08');
INSERT INTO public.item (id, description, link, publishdate, source, title) VALUES (100187, 'Hot news: Here you can read the new CryptoCurrency report of the last 60 Minutes. Bitcoin is leading the rank in the last hour as the most popular cry', 'https://walletinvestor.com/blog/2018/09/24/bitcoin-6674-850-cryptocurrency-trading-report-24-09-2018-0607/', '2018-09-24 09:17:34.000000', 'walletinvestor', 'Bitcoin $6674.850 – CryptoCurrency Trading Report – 24.09.2018 06:07');
INSERT INTO public.item (id, description, link, publishdate, source, title) VALUES (100188, 'Hot news: There were a lot of happenings in the last 60 minutes on the Crypto stock exchanges. Bitcoin is listed as the most popular cryptocurrency in', 'https://walletinvestor.com/blog/2018/09/24/bitcoin-6686-310-cryptocurrency-trading-report-24-09-2018-0507/', '2018-09-24 08:11:26.000000', 'walletinvestor', 'Bitcoin $6686.310 – CryptoCurrency Trading Report – 24.09.2018 05:07');
INSERT INTO public.item (id, description, link, publishdate, source, title) VALUES (100189, 'Hot news: Now we show you the newest summary of 60 minutes. Bitcoin is now leading the rank on the most popular digital currency in the trade market. ', 'https://walletinvestor.com/blog/2018/09/24/bitcoin-6704-570-cryptocurrency-trading-report-24-09-2018-0407/', '2018-09-24 07:17:41.000000', 'walletinvestor', 'Bitcoin $6704.570 – CryptoCurrency Trading Report – 24.09.2018 04:07');
INSERT INTO public.item (id, description, link, publishdate, source, title) VALUES (100190, 'Hot news: Here we summon for you the changes of the market of CryptoCurrency from the last 60 minutes. Bitcoin was in the top position in the last hou', 'https://walletinvestor.com/blog/2018/09/24/bitcoin-6709-350-cryptocurrency-trading-report-24-09-2018-0307/', '2018-09-24 06:10:39.000000', 'walletinvestor', 'Bitcoin $6709.350 – CryptoCurrency Trading Report – 24.09.2018 03:07');
INSERT INTO public.item (id, description, link, publishdate, source, title) VALUES (100191, 'Hot news: These changes have happened in the last hour. Bitcoin was in the top position in the last hour, the exchange rate increases from 6689.711 do', 'https://walletinvestor.com/blog/2018/09/24/bitcoin-6709-780-cryptocurrency-trading-report-24-09-2018-0207/', '2018-09-24 05:07:47.000000', 'walletinvestor', 'Bitcoin $6709.780 – CryptoCurrency Trading Report – 24.09.2018 02:07');
INSERT INTO public.item (id, description, link, publishdate, source, title) VALUES (100192, 'Hot news: Here we summon for you the changes of the market of CryptoCurrency from the last 60 minutes. The number one cryptocurrency leader is Bitcoin', 'https://walletinvestor.com/blog/2018/09/24/bitcoin-6687-450-cryptocurrency-trading-report-24-09-2018-0107/', '2018-09-24 04:10:36.000000', 'walletinvestor', 'Bitcoin $6687.450 – CryptoCurrency Trading Report – 24.09.2018 01:07');
INSERT INTO public.item (id, description, link, publishdate, source, title) VALUES (100193, 'Hot news: These are the changes of the CryptoCurrency market in the last one hour. Bitcoin is now leading the rank on the most popular digital currenc', 'https://walletinvestor.com/blog/2018/09/24/bitcoin-6692-560-cryptocurrency-trading-report-24-09-2018-0007/', '2018-09-24 03:07:47.000000', 'walletinvestor', 'Bitcoin $6692.560 – CryptoCurrency Trading Report – 24.09.2018 00:07');
INSERT INTO public.item (id, description, link, publishdate, source, title) VALUES (100196, 'Cryptocurrency-related hacks continue to increase in number all around the world. A large number of these attacks occurred in South Korea, as confirme', 'https://cryptopotato.com/south-korean-police-report-165-crypto-hacks-in-the-last-3-years/', '2018-10-08 17:07:12.000000', 'cryptopotato', 'South Korean Police Report 165 Crypto Hacks in the Last 3 Years');
INSERT INTO public.item (id, description, link, publishdate, source, title) VALUES (100197, 'Binance Exchange sets the crypto world seismograph fluttering again with its latest announcement of donating token Listing Fees it collects to Charity', 'https://cryptopotato.com/breaking-news-binance-will-donate-new-projects-listing-fees-to-charity/', '2018-10-08 12:43:10.000000', 'cryptopotato', 'Breaking News: Binance will Donate New Projects’ Listing Fees to Charity');
INSERT INTO public.item (id, description, link, publishdate, source, title) VALUES (100198, 'Cryptocurrencies are one the most fascinating technologies doing the rounds in the cybersphere today. Of all of the pioneering coins and currencies ou', 'https://cryptopotato.com/dogecoin-the-unbelievable-story-behind-the-joke-altcoin/', '2018-10-08 09:00:43.000000', 'cryptopotato', 'Dogecoin: The Unbelievable Story behind The Joke Altcoin');
INSERT INTO public.item (id, description, link, publishdate, source, title) VALUES (100199, 'Over the past month, Ethereum is forming a triangle. The market is coiling towards the apex of the triangle that is currently being noticed in most ch', 'https://cryptopotato.com/ethereum-price-analysis-oct-7-a-major-move-ahead/', '2018-10-07 23:57:13.000000', 'cryptopotato', 'Ethereum Price Analysis Oct.7: A Major Move Ahead');
INSERT INTO public.item (id, description, link, publishdate, source, title) VALUES (100200, 'Bifinex, the popular crypto exchange, is based in Hong Kong and was launched in 2013. The exchange was accused of being insolvent in a Medium posts on', 'https://cryptopotato.com/mt-gox-2-bitfinex-responds-to-the-claims/', '2018-10-07 21:13:10.000000', 'cryptopotato', 'MT Gox 2? BitFinex Responds To The Claims');
INSERT INTO public.item (id, description, link, publishdate, source, title) VALUES (100201, 'Another trading bot has gone wild, causing unusual trading activities on the crypto exchange Bitstamp. While the crypto markets are recording short ga', 'https://cryptopotato.com/wild-bot-sends-bitcoin-to-8000-and-ltc-down-to-1-on-bitstamp/', '2018-10-07 18:31:32.000000', 'cryptopotato', 'Wild Bot Sends Bitcoin To $8000 and LTC Down To $1 On Bitstamp');
INSERT INTO public.item (id, description, link, publishdate, source, title) VALUES (100202, 'When Coinbase was founded in 2012, the cryptocurrency industry was just a new bud that many believed would blossom but couldn’t say precisely how it w', 'https://cryptopotato.com/why-coinbase-is-recording-massive-growth-despite-high-fees/', '2018-10-07 16:30:12.000000', 'cryptopotato', 'Why Coinbase Is Recording Massive Growth Despite High Fees');
INSERT INTO public.item (id, description, link, publishdate, source, title) VALUES (100203, 'The long-term consolidation of Bitcoin from the past weeks is coming to an end soon? Two significant signs indicate on a coming up movement: Bollinger', 'https://cryptopotato.com/bitcoin-price-analysis-oct-7-a-possible-move-ahead/', '2018-10-07 09:28:25.000000', 'cryptopotato', 'Bitcoin Price Analysis Oct.7: A possible move ahead?');
INSERT INTO public.item (id, description, link, publishdate, source, title) VALUES (100204, 'The crypto space has seen dozens of projects lose close to 90% of their value. Some coins have not only maintained a stable price but have even flouri', 'https://cryptopotato.com/dogecoins-recent-160-gain-why-and-whats-the-relation-to-altcoin-seasons/', '2018-10-05 19:00:35.000000', 'cryptopotato', 'Dogecoin’s Recent 160% Gain: Why? and What’s the Relation to Altcoin Seasons?');
INSERT INTO public.item (id, description, link, publishdate, source, title) VALUES (100205, 'A relatively quiet period in the crypto markets has continued with most of the top coins seeing only little gains and losses over the last trading ses', 'https://cryptopotato.com/market-watch-oct-5-market-is-standing-still/', '2018-10-05 16:02:02.000000', 'cryptopotato', 'Market Watch Oct.5: Market is Standing Still');





INSERT INTO public.blog_item (blog_id, items_id) VALUES (100098, 100099);
INSERT INTO public.blog_item (blog_id, items_id) VALUES (100098, 100100);
INSERT INTO public.blog_item (blog_id, items_id) VALUES (100098, 100101);
INSERT INTO public.blog_item (blog_id, items_id) VALUES (100098, 100102);
INSERT INTO public.blog_item (blog_id, items_id) VALUES (100098, 100103);
INSERT INTO public.blog_item (blog_id, items_id) VALUES (100098, 100104);
INSERT INTO public.blog_item (blog_id, items_id) VALUES (100098, 100105);
INSERT INTO public.blog_item (blog_id, items_id) VALUES (100098, 100106);
INSERT INTO public.blog_item (blog_id, items_id) VALUES (100098, 100107);
INSERT INTO public.blog_item (blog_id, items_id) VALUES (100098, 100108);
INSERT INTO public.blog_item (blog_id, items_id) VALUES (100098, 100109);
INSERT INTO public.blog_item (blog_id, items_id) VALUES (100098, 100110);
INSERT INTO public.blog_item (blog_id, items_id) VALUES (100098, 100111);
INSERT INTO public.blog_item (blog_id, items_id) VALUES (100098, 100112);
INSERT INTO public.blog_item (blog_id, items_id) VALUES (100098, 100113);
INSERT INTO public.blog_item (blog_id, items_id) VALUES (100098, 100114);
INSERT INTO public.blog_item (blog_id, items_id) VALUES (100098, 100115);
INSERT INTO public.blog_item (blog_id, items_id) VALUES (100098, 100116);
INSERT INTO public.blog_item (blog_id, items_id) VALUES (100098, 100117);
INSERT INTO public.blog_item (blog_id, items_id) VALUES (100098, 100118);
INSERT INTO public.blog_item (blog_id, items_id) VALUES (100098, 100119);
INSERT INTO public.blog_item (blog_id, items_id) VALUES (100098, 100120);
INSERT INTO public.blog_item (blog_id, items_id) VALUES (100098, 100121);
INSERT INTO public.blog_item (blog_id, items_id) VALUES (100098, 100122);
INSERT INTO public.blog_item (blog_id, items_id) VALUES (100098, 100123);
INSERT INTO public.blog_item (blog_id, items_id) VALUES (100098, 100124);
INSERT INTO public.blog_item (blog_id, items_id) VALUES (100098, 100125);
INSERT INTO public.blog_item (blog_id, items_id) VALUES (100098, 100126);
INSERT INTO public.blog_item (blog_id, items_id) VALUES (100098, 100127);
INSERT INTO public.blog_item (blog_id, items_id) VALUES (100098, 100128);
INSERT INTO public.blog_item (blog_id, items_id) VALUES (100129, 100130);
INSERT INTO public.blog_item (blog_id, items_id) VALUES (100129, 100131);
INSERT INTO public.blog_item (blog_id, items_id) VALUES (100129, 100132);
INSERT INTO public.blog_item (blog_id, items_id) VALUES (100129, 100133);
INSERT INTO public.blog_item (blog_id, items_id) VALUES (100129, 100134);
INSERT INTO public.blog_item (blog_id, items_id) VALUES (100129, 100135);
INSERT INTO public.blog_item (blog_id, items_id) VALUES (100129, 100136);
INSERT INTO public.blog_item (blog_id, items_id) VALUES (100129, 100137);
INSERT INTO public.blog_item (blog_id, items_id) VALUES (100129, 100138);
INSERT INTO public.blog_item (blog_id, items_id) VALUES (100129, 100139);
INSERT INTO public.blog_item (blog_id, items_id) VALUES (100129, 100140);
INSERT INTO public.blog_item (blog_id, items_id) VALUES (100129, 100141);
INSERT INTO public.blog_item (blog_id, items_id) VALUES (100129, 100142);
INSERT INTO public.blog_item (blog_id, items_id) VALUES (100129, 100143);
INSERT INTO public.blog_item (blog_id, items_id) VALUES (100129, 100144);
INSERT INTO public.blog_item (blog_id, items_id) VALUES (100129, 100145);
INSERT INTO public.blog_item (blog_id, items_id) VALUES (100129, 100146);
INSERT INTO public.blog_item (blog_id, items_id) VALUES (100129, 100147);
INSERT INTO public.blog_item (blog_id, items_id) VALUES (100129, 100148);
INSERT INTO public.blog_item (blog_id, items_id) VALUES (100129, 100149);
INSERT INTO public.blog_item (blog_id, items_id) VALUES (100150, 100151);
INSERT INTO public.blog_item (blog_id, items_id) VALUES (100150, 100152);
INSERT INTO public.blog_item (blog_id, items_id) VALUES (100150, 100153);
INSERT INTO public.blog_item (blog_id, items_id) VALUES (100150, 100154);
INSERT INTO public.blog_item (blog_id, items_id) VALUES (100150, 100155);
INSERT INTO public.blog_item (blog_id, items_id) VALUES (100150, 100156);
INSERT INTO public.blog_item (blog_id, items_id) VALUES (100150, 100157);
INSERT INTO public.blog_item (blog_id, items_id) VALUES (100150, 100158);
INSERT INTO public.blog_item (blog_id, items_id) VALUES (100150, 100159);
INSERT INTO public.blog_item (blog_id, items_id) VALUES (100150, 100160);
INSERT INTO public.blog_item (blog_id, items_id) VALUES (100161, 100162);
INSERT INTO public.blog_item (blog_id, items_id) VALUES (100161, 100163);
INSERT INTO public.blog_item (blog_id, items_id) VALUES (100161, 100164);
INSERT INTO public.blog_item (blog_id, items_id) VALUES (100161, 100165);
INSERT INTO public.blog_item (blog_id, items_id) VALUES (100161, 100166);
INSERT INTO public.blog_item (blog_id, items_id) VALUES (100161, 100167);
INSERT INTO public.blog_item (blog_id, items_id) VALUES (100161, 100168);
INSERT INTO public.blog_item (blog_id, items_id) VALUES (100161, 100169);
INSERT INTO public.blog_item (blog_id, items_id) VALUES (100161, 100170);
INSERT INTO public.blog_item (blog_id, items_id) VALUES (100161, 100171);
INSERT INTO public.blog_item (blog_id, items_id) VALUES (100172, 100173);
INSERT INTO public.blog_item (blog_id, items_id) VALUES (100172, 100174);
INSERT INTO public.blog_item (blog_id, items_id) VALUES (100172, 100175);
INSERT INTO public.blog_item (blog_id, items_id) VALUES (100172, 100176);
INSERT INTO public.blog_item (blog_id, items_id) VALUES (100172, 100177);
INSERT INTO public.blog_item (blog_id, items_id) VALUES (100172, 100178);
INSERT INTO public.blog_item (blog_id, items_id) VALUES (100172, 100179);
INSERT INTO public.blog_item (blog_id, items_id) VALUES (100172, 100180);
INSERT INTO public.blog_item (blog_id, items_id) VALUES (100172, 100181);
INSERT INTO public.blog_item (blog_id, items_id) VALUES (100172, 100182);
INSERT INTO public.blog_item (blog_id, items_id) VALUES (100183, 100184);
INSERT INTO public.blog_item (blog_id, items_id) VALUES (100183, 100185);
INSERT INTO public.blog_item (blog_id, items_id) VALUES (100183, 100186);
INSERT INTO public.blog_item (blog_id, items_id) VALUES (100183, 100187);
INSERT INTO public.blog_item (blog_id, items_id) VALUES (100183, 100188);
INSERT INTO public.blog_item (blog_id, items_id) VALUES (100183, 100189);
INSERT INTO public.blog_item (blog_id, items_id) VALUES (100183, 100190);
INSERT INTO public.blog_item (blog_id, items_id) VALUES (100183, 100191);
INSERT INTO public.blog_item (blog_id, items_id) VALUES (100183, 100192);
INSERT INTO public.blog_item (blog_id, items_id) VALUES (100183, 100193);
INSERT INTO public.blog_item (blog_id, items_id) VALUES (100195, 100196);
INSERT INTO public.blog_item (blog_id, items_id) VALUES (100195, 100197);
INSERT INTO public.blog_item (blog_id, items_id) VALUES (100195, 100198);
INSERT INTO public.blog_item (blog_id, items_id) VALUES (100195, 100199);
INSERT INTO public.blog_item (blog_id, items_id) VALUES (100195, 100200);
INSERT INTO public.blog_item (blog_id, items_id) VALUES (100195, 100201);
INSERT INTO public.blog_item (blog_id, items_id) VALUES (100195, 100202);
INSERT INTO public.blog_item (blog_id, items_id) VALUES (100195, 100203);
INSERT INTO public.blog_item (blog_id, items_id) VALUES (100195, 100204);
INSERT INTO public.blog_item (blog_id, items_id) VALUES (100195, 100205);


INSERT INTO public.coin (id, circulating_supply, dataavailable, image, market_cap, name, percent_change_1h, percent_change_24h, percent_change_7d, price, rank, symbol, volume_24h) VALUES (100000, 17311325.00, true, 'https://www.cryptocompare.com/media/19633/btc.png', 115095304226.00, 'Bitcoin', 0.1, 1.17, 0.95, 6648.55545294, 1, 'BTC', 3841377410.71);
INSERT INTO public.coin (id, circulating_supply, dataavailable, image, market_cap, name, percent_change_1h, percent_change_24h, percent_change_7d, price, rank, symbol, volume_24h) VALUES (100001, 102444249.00, true, 'https://www.cryptocompare.com/media/20646/eth_logo.png', 23424664328.00, 'Ethereum', -0.05, 2.3, -0.3, 228.657681194, 2, 'ETH', 1479922177.67);
INSERT INTO public.coin (id, circulating_supply, dataavailable, image, market_cap, name, percent_change_1h, percent_change_24h, percent_change_7d, price, rank, symbol, volume_24h) VALUES (100002, 39935410492.00, true, 'https://www.cryptocompare.com/media/34477776/xrp.png', 19580842184.00, 'XRP', -0.33, 3.12, -13.13, 0.4903127811, 3, 'XRP', 577220229.92);
INSERT INTO public.coin (id, circulating_supply, dataavailable, image, market_cap, name, percent_change_1h, percent_change_24h, percent_change_7d, price, rank, symbol, volume_24h) VALUES (100003, 17391200.00, false, 'https://www.cryptocompare.com/media/1383919/12-bitcoin-cash-square-crop-small-grn.png', 9120944255.00, 'Bitcoin Cash', 0.11, 2.39, -1.21, 524.457441412, 4, 'BCH', 368922963.53);
INSERT INTO public.coin (id, circulating_supply, dataavailable, image, market_cap, name, percent_change_1h, percent_change_24h, percent_change_7d, price, rank, symbol, volume_24h) VALUES (100004, 906245118.00, true, 'https://www.cryptocompare.com/media/1383652/eos_1.png', 5313281900.00, 'EOS', 0.17, 3.22, 3.57, 5.8629633378, 5, 'EOS', 585928132.89);
INSERT INTO public.coin (id, circulating_supply, dataavailable, image, market_cap, name, percent_change_1h, percent_change_24h, percent_change_7d, price, rank, symbol, volume_24h) VALUES (100005, 18806826278.00, true, 'https://www.cryptocompare.com/media/20696/str.png', 4626032469.00, 'Stellar', -0.29, 2.34, -4.97, 0.2459762429, 6, 'XLM', 38659568.63);
INSERT INTO public.coin (id, circulating_supply, dataavailable, image, market_cap, name, percent_change_1h, percent_change_24h, percent_change_7d, price, rank, symbol, volume_24h) VALUES (100006, 58634777.00, true, 'https://www.cryptocompare.com/media/19782/litecoin-logo.png', 3457481180.00, 'Litecoin', -0.11, 1.99, -2.27, 58.9663907693, 7, 'LTC', 303902662.28);
INSERT INTO public.coin (id, circulating_supply, dataavailable, image, market_cap, name, percent_change_1h, percent_change_24h, percent_change_7d, price, rank, symbol, volume_24h) VALUES (100007, 2806421736.00, false, 'https://www.cryptocompare.com/media/1383672/usdt.png', 2796777035.00, 'Tether', 0, -0.18, -0.28, 0.996563346, 8, 'USDT', 2449672924.22);
INSERT INTO public.coin (id, circulating_supply, dataavailable, image, market_cap, name, percent_change_1h, percent_change_24h, percent_change_7d, price, rank, symbol, volume_24h) VALUES (100008, 25927070538.00, true, 'https://www.cryptocompare.com/media/12318177/ada.png', 2216699619.00, 'Cardano', 0.17, 4.47, 1.67, 0.0854974963, 9, 'ADA', 52573664.96);
INSERT INTO public.coin (id, circulating_supply, dataavailable, image, market_cap, name, percent_change_1h, percent_change_24h, percent_change_7d, price, rank, symbol, volume_24h) VALUES (100009, 16471771.00, false, 'https://www.cryptocompare.com/media/19969/xmr.png', 1898816597.00, 'Monero', 0.07, 1.66, 0.56, 115.277011843, 10, 'XMR', 107190626.64);


INSERT INTO public.event (id, coinname, date_event, description, ishot, name, proof, source, title, twitter) VALUES (100010, 'XLM', '2018-10-08 02:00:00.000000', '', false, 'Stellar', 'https://d32bfp67k1q0s7.cloudfront.net/3bbf7c2910dfe261bb01069df4e5a7b1.png', 'https://coinmarketcal.com/event/altcointrader-listing-16802', 'AltcoinTrader Listing', 'ul');
INSERT INTO public.event (id, coinname, date_event, description, ishot, name, proof, source, title, twitter) VALUES (100011, 'HKN', '2018-10-08 02:00:00.000000', 'HACKIT is aimed to become a place for strong security networking gathering of professional tech developers and leading security experts.', false, 'Hacken', 'https://d32bfp67k1q0s7.cloudfront.net/bb9bc90f4dadda3b2389a3cf97842c2e.png', 'https://coinmarketcal.com/event/hackit-2018-15614', 'HackIT 2018', '""');
INSERT INTO public.event (id, coinname, date_event, description, ishot, name, proof, source, title, twitter) VALUES (100012, 'KMD', '2018-10-08 02:00:00.000000', 'Deadline for KMD infographic contest which offers opportunities to win KMD.', false, 'Komodo', 'https://d32bfp67k1q0s7.cloudfront.net/e8df1878f44c2b89bb46d9f9ba81283d.png', 'https://coinmarketcal.com/event/contest-deadline-16198', 'Contest Deadline', '@jdmito');
INSERT INTO public.event (id, coinname, date_event, description, ishot, name, proof, source, title, twitter) VALUES (100013, 'HKN', '2018-10-08 02:00:00.000000', 'Start of onsite bug bounty marathon as a part of HackIT 4.0 Conference.', false, 'Hacken', 'https://d32bfp67k1q0s7.cloudfront.net/c50d11da883a651f09102846ec33682a.png', 'https://coinmarketcal.com/event/hacken-cup-starts-16435', 'Hacken Cup Starts', '""');
INSERT INTO public.event (id, coinname, date_event, description, ishot, name, proof, source, title, twitter) VALUES (100014, 'SENT', '2018-10-08 02:00:00.000000', '\"Users will be able to claim the tokens that they have earned, after the 8th of October by accessing the full Sentinel Mobile Client....\"', false, 'Sentinel', 'https://d32bfp67k1q0s7.cloudfront.net/ec70f526c9ae093c25aaefaee5c1ad3a.png', 'https://coinmarketcal.com/event/2nd-utility-airdrop-16336', 'Utility Drop End', '@qw3rty88');
INSERT INTO public.event (id, coinname, date_event, description, ishot, name, proof, source, title, twitter) VALUES (100015, 'EBST', '2018-10-08 02:00:00.000000', 'EBoost Team is announcing new functionality on Website.', false, 'eBoost', 'https://d32bfp67k1q0s7.cloudfront.net/9ab18dbb9bdf16f603a155f1371385c5.png', 'https://coinmarketcal.com/event/exchange-integration-16861', 'Exchange Integration', '""');
INSERT INTO public.event (id, coinname, date_event, description, ishot, name, proof, source, title, twitter) VALUES (100016, 'SPA', '2018-10-08 02:00:00.000000', 'SPARTA cuts down forging reward by half. Reward per block reduced from 8,000 SPA to 4,000 SPA.', false, 'Sparta', 'https://d32bfp67k1q0s7.cloudfront.net/c357b5926ba8989c0662ce127365c9fa.png', 'https://coinmarketcal.com/event/block-reward-halving-16795', 'Block Reward Halving', '""');
INSERT INTO public.event (id, coinname, date_event, description, ishot, name, proof, source, title, twitter) VALUES (100017, 'MVL', '2018-10-08 02:00:00.000000', 'MVL token listed on BitSonic / KRW market at 15:00, October 8 (GMT+9). BitSonic URL: https://bitsonic.co.kr/', false, 'Mass Vehicle Ledger', 'https://d32bfp67k1q0s7.cloudfront.net/0c467e4f1403784d0dabe3cba7b5305e.png', 'https://coinmarketcal.com/event/bitsonic-listing-16847', 'BitSonic Listing', '""');
INSERT INTO public.event (id, coinname, date_event, description, ishot, name, proof, source, title, twitter) VALUES (100018, 'ABYSS', '2018-10-08 02:00:00.000000', 'The release of a detailed roadmap includes key deliverables and updates (Game API, SDK, Desktop client, etc.) from Q4 2018 to Q1 2019.', false, 'The Abyss', 'https://d32bfp67k1q0s7.cloudfront.net/4c557754effc6d494185b484bd12c062.png', 'https://coinmarketcal.com/event/detailed-roadmap-release-16892', 'Detailed Roadmap Release', '@theabyss');
INSERT INTO public.event (id, coinname, date_event, description, ishot, name, proof, source, title, twitter) VALUES (100019, 'XLM', '2018-10-09 02:00:00.000000', 'A gathering of global blockchain leaders to showcase technology’s real-world implementation and forthcoming developments | 9-10th Oct, Bali.', true, 'Stellar', 'https://d32bfp67k1q0s7.cloudfront.net/3ba14485c7143e2654a690de7802e58e.jpeg', 'https://coinmarketcal.com/event/xblockchain-summit-13784', 'XBlockchain Summit', '@xblocksummit');
INSERT INTO public.event (id, coinname, date_event, description, ishot, name, proof, source, title, twitter) VALUES (100020, 'BNC0', '2018-10-09 02:00:00.000000', '\"The pre-order of our revolutionary B-Wallet with fingerprint reader will start on 9th October on our website.\"', false, 'Bionic', 'https://d32bfp67k1q0s7.cloudfront.net/d00759022ba6f408f4ca42606fa84a87.png', 'https://coinmarketcal.com/event/b-wallet-pre-order-begins-16469', 'B-Wallet Pre-order Begins', '@michaelkentus');
INSERT INTO public.event (id, coinname, date_event, description, ishot, name, proof, source, title, twitter) VALUES (100021, 'VEX', '2018-10-09 02:00:00.000000', 'Vexanium will participate on XBlockchain Summit that will will be held in Inaya Putri Bali, Nusa Dua Bali on 9th-10th October 2018.', false, 'Vexanium', 'https://d32bfp67k1q0s7.cloudfront.net/452200330a2d40f1e8eadd2e8f88821f.jpeg', 'https://coinmarketcal.com/event/vexanium-on-xblockchain-16741', 'Vexanium on Xblockchain', '""');


INSERT INTO public.ico (id, intro, description, icoend, icostart, logolink, name, preicoend, preicostart, rating, website_link) VALUES (4199, 'Virtual Rehab''s evidence-based solution leverages the advancements in virtual reality, artificial intelligence, and blockchain technologies for pain management, prevention of substance use disorders, and rehabilitation of repeat offenders. \r\n\r\nOur all-encompassing solution currently serves the B2B market (Rehab Centers, Hospitals, Correctional Departments, etc.).\r\n\r\nIn addition, post-ICO, using blockchain technology, we will also be able to reach out to these vulnerable populations direc...', 'Using VR, AI, and Blockchain technologies to provide psychological rehabilitation for vulnerable populations.', '2018-12-14 22:00:00.000000', '2018-11-15 13:00:00.000000', 'https://icobench.com/images/icos/icons/virtual-rehab.jpg', 'Virtual Rehab',  '2018-11-14 22:00:00.000000', '2018-11-01 13:00:00.000000', 4.6, 'https://icobench.com/ico/virtual-rehab');
INSERT INTO public.ico (id, intro, description, icoend, icostart, logolink, name,  preicoend, preicostart, rating, website_link) VALUES (3478, 'ZZichain provides a suite of modules for cryptocurrency financial services. Our infrastructure solutions are tailored for managing digital assets: from retail trading to institutional wealth management.\r\n\r\nZichain modules unleash the potential of fintech and maximize advantages of blockchain, big data, and AI. Our research and development activity in blockchain is aimed to eliminate a counterparty risk by building infrastructure for decentralized storage of assets. The fintech services are b...', 'Your gateway to the world of crypto finance.', '2018-12-22 00:00:00.000000', '2018-12-01 00:00:00.000000', 'https://icobench.com/images/icos/icons/zichain.jpg', 'Zichain',  '2018-10-15 00:00:00.000000', '2018-04-02 00:00:00.000000', 4.3, 'https://icobench.com/ico/zichain');
INSERT INTO public.ico (id, intro, description, icoend, icostart, logolink, name,  preicoend, preicostart, rating, website_link) VALUES (2299, 'This platform will be open to anyone owning Aeternum Token not just a select group of investors and no contribution will be too small to reap the return from deep science project realisation.\r\n\r\nInvest in deep science based start-ups through a crowd funding platform accessible by a smart phone app for every ecosystem user. Investments in Aeternum Fund will be made only through the new cryptocurrency “BitLats” and companies will be able to exit by buying themselves out with BitLats. BitLats w...', 'Our goal is to create a platform, through which every individual will be able to invest in intellectual property rights of scientists around the world.', '2018-10-31 10:00:00.000000', '2018-06-01 10:00:00.000000', 'https://icobench.com/images/icos/icons/aeternum-ico.jpg', 'Aeternum ICO',  '2018-04-30 10:00:00.000000', '2018-04-02 10:00:00.000000', 4.4, 'https://icobench.com/ico/aeternum-ico');
INSERT INTO public.ico (id, intro, description, icoend, icostart, logolink, name,  preicoend, preicostart, rating, website_link) VALUES (2183, 'ARROUND is a decentralized augmented reality (AR) platform. ARROUND uses blockchain and augmented reality to build an ecosystem consisting of four integrated elements: a disruptive universal advertising network, an augmented reality marketplace, a social platform, and the next generation AR map that will create a backbone for AR projects around the world.\r\n\r\nARROUND offers a disruptive and fully functional AR social platform available for iOS and Android, which will also be ported to consume...', 'ARROUND is a decentralized augmented reality (AR) platform that provides the world with a captivating new digital environment to explore.', '2018-11-15 03:59:00.000000', '2018-09-15 13:00:00.000000', 'https://icobench.com/images/icos/icons/arround.jpg', 'ARROUND',  '2018-05-01 00:00:00.000000', '2018-02-27 00:00:00.000000', 4.6, 'https://icobench.com/ico/arround');
INSERT INTO public.ico (id, intro, description, icoend, icostart, logolink, name,  preicoend, preicostart, rating, website_link) VALUES (3679, 'Insurance is broken: it''s expensive, complicated and slow to meet customer needs. It''s because all decisions are made by a handful of people in a small number of big insurance companies, riddled with bureaucracy.\r\n\r\nBlack is going to fix insurance by introducing a democratic, blockchain-based marketplace for creating virtual insurance companies that can design and sell their own, innovative insurance products. These products will be backed by security tokens issued in the future ICO-s, allow...', 'Insurance is broken: it''s expensive, complicated and slow to meet customer needs.', '2018-11-30 00:00:00.000000', '2018-11-01 00:00:00.000000', 'https://icobench.com/images/icos/icons/black-insurance.jpg', 'Black Insurance',  '2018-10-31 00:00:00.000000', '2018-10-01 00:00:00.000000', 4.4, 'https://icobench.com/ico/black-insurance');
INSERT INTO public.ico (id, intro, description, icoend, icostart, logolink, name,  preicoend, preicostart, rating, website_link) VALUES (4634, 'BQT P2P Exchange Platform provides secure, interactive and flexible trading environment and user-friendly interface for its community to manage various types of transactions consisting of many crypto assets in traders portfolios.\r\n\r\nBQT introducing the revolutionary approach allowing traders to leverage their crypto holdings to acquire crypto assets from other peer traders. Unlike Margins and Futures Trading, BQT Hedge Trade system is a flexible method for Traders of acquiring crypto assets ...', 'BQT P2P Exchange Platform provides secure, interactive and flexible trading environment and user-friendly interface for its community.', '2018-12-18 00:00:00.000000', '2018-09-18 00:00:00.000000', 'https://icobench.com/images/icos/icons/bqt.jpg', 'BQT',  '2018-09-18 00:00:00.000000', '2018-08-18 00:00:00.000000', 4, 'https://icobench.com/ico/bqt');
INSERT INTO public.ico (id, intro, description, icoend, icostart, logolink, name,  preicoend, preicostart, rating, website_link) VALUES (3942, 'Cloudbric is a decentralized universal security platform featuring enterprise-grade website, mobile device and crypto asset security, as well as access to a community driven threat intelligence database all powered through a new technology called VISION (patent pending), a CNN-based deep learning AI-tech, featuring one of the most accurate (low false positive rated) engines on the market. \r\n\r\nOur goal is to not only secure the web in general, but to secure the entire blockchain experience fo...', 'We are a trusted enterprise level security vendor with various awards & thousands of users, looking to better protect users within the blockchain space.', '2018-10-31 11:00:00.000000', '2018-10-22 11:00:00.000000', 'https://icobench.com/images/icos/icons/cloudbric.jpg', 'Cloudbric',  '2018-09-22 07:00:00.000000', '2018-08-23 07:00:00.000000', 4.4, 'https://icobench.com/ico/cloudbric');
INSERT INTO public.ico (id, intro, description, icoend, icostart, logolink, name,  preicoend, preicostart, rating, website_link) VALUES (4948, 'cosquare is a global social marketplace with its own CSQ digital currency. Merging the worlds of blockchain technology, social media and e-commerce, cosquare is on a mission to create a richer shopping experience for consumers, influencers and brands. The gamified shopping ecosystem empowers people to earn and liberates brands to sell direct-to-consumer.\r\n\r\ncosquare makes cryptocurrency payments mainstream, accepting CSQ and all major crypto and fiat currencies. Committed to transparency tow...', 'cosquare is a global social marketplace with its own CSQ currency. We are on a mission to make shopping truly social and rewarding.', '2019-04-14 00:00:00.000000', '2018-11-15 00:00:00.000000', 'https://icobench.com/images/icos/icons/cosquare.jpg', 'cosquare', '2018-11-14 00:00:00.000000', '2018-09-15 00:00:00.000000', 3.7, 'https://icobench.com/ico/cosquare');


INSERT INTO public.ico_categories (ico_id, categories, categories_key) VALUES (4199, 'Virtual Reality', 'name');
INSERT INTO public.ico_categories (ico_id, categories, categories_key) VALUES (4199, '25', 'id');
INSERT INTO public.ico_categories (ico_id, categories, categories_key) VALUES (3478, 'Software', 'name');
INSERT INTO public.ico_categories (ico_id, categories, categories_key) VALUES (3478, '5', 'id');
INSERT INTO public.ico_categories (ico_id, categories, categories_key) VALUES (2299, 'Platform', 'name');
INSERT INTO public.ico_categories (ico_id, categories, categories_key) VALUES (2299, '17', 'id');
INSERT INTO public.ico_categories (ico_id, categories, categories_key) VALUES (2183, 'Virtual Reality', 'name');
INSERT INTO public.ico_categories (ico_id, categories, categories_key) VALUES (2183, '25', 'id');
INSERT INTO public.ico_categories (ico_id, categories, categories_key) VALUES (3679, 'Investment', 'name');
INSERT INTO public.ico_categories (ico_id, categories, categories_key) VALUES (3679, '19', 'id');
INSERT INTO public.ico_categories (ico_id, categories, categories_key) VALUES (4634, 'Software', 'name');
INSERT INTO public.ico_categories (ico_id, categories, categories_key) VALUES (4634, '5', 'id');
INSERT INTO public.ico_categories (ico_id, categories, categories_key) VALUES (3942, 'Software', 'name');
INSERT INTO public.ico_categories (ico_id, categories, categories_key) VALUES (3942, '5', 'id');
INSERT INTO public.ico_categories (ico_id, categories, categories_key) VALUES (4948, 'Retail', 'name');
INSERT INTO public.ico_categories (ico_id, categories, categories_key) VALUES (4948, '14', 'id');


INSERT INTO public.ico_crew (ico_id, links, name, photo, title, url) VALUES (2299, 'https://www.linkedin.com/in/andrej-jonkin-7a239294/', 'Andrey Jonkin', 'https://icobench.com/images/icos/team/2299-58375.jpg', 'CMO', 'andrey+jonkin');
INSERT INTO public.ico_crew (ico_id, links, name, photo, title, url) VALUES (2299, 'https://www.linkedin.com/in/estucrypto/', 'Juan Pablo Fernández Agüero', 'https://icobench.com/images/icos/team/2299-58376.jpg', 'Marketing Specialist | ICO Expert', 'estucrypto');
INSERT INTO public.ico_crew (ico_id, links, name, photo, title, url) VALUES (2299, 'https://www.linkedin.com/in/levbass/', 'Lev Bass', 'https://icobench.com/images/icos/team/2299-24864.jpg', '""', 'lev+bass');
INSERT INTO public.ico_crew (ico_id, links, name, photo, title, url) VALUES (2299, 'https://www.linkedin.com/in/igors-zlotnikovs-162a4a39/', 'Igors Zlotnikovs', 'https://icobench.com/images/icos/team/2299-24857.jpg', 'CEO', 'igors+zlotnikovs');
INSERT INTO public.ico_crew (ico_id, links, name, photo, title, url) VALUES (2299, 'https://www.linkedin.com/in/shalin-verma', 'Shalin Verma', 'https://icobench.com/images/icos/team/2299-59851.jpg', 'Aeternum Ambassador in Dubai. Marketing Manager', 'shalin-verma');
INSERT INTO public.ico_crew (ico_id, links, name, photo, title, url) VALUES (2299, 'https://www.linkedin.com/in/aigars-rostovskis-890a0a43/', 'Aigars Rostovskis', 'https://icobench.com/images/icos/team/2299-24860.jpg', '""', 'aigars+rostovskis');
INSERT INTO public.ico_crew (ico_id, links, name, photo, title, url) VALUES (2299, 'https://www.linkedin.com/in/valent%C4%ABns-jeremejevs-4ba459145/', 'Valentīns Jeremejevs', 'https://icobench.com/images/icos/team/2299-24858.jpg', 'Science expert', 'valentīns+jeremejevs');
INSERT INTO public.ico_crew (ico_id, links, name, photo, title, url) VALUES (2299, 'https://www.linkedin.com/in/psachsenmeier/', 'Peter Sachsenmeier', 'https://icobench.com/images/icos/team/2299-24867.jpg', '""', 'peter+sachsenmeier');
INSERT INTO public.ico_crew (ico_id, links, name, photo, title, url) VALUES (2299, 'https://www.linkedin.com/in/maksim-antonov-aaa18148/', 'Maksims Antonovs', 'https://icobench.com/images/icos/team/2299-24861.jpg', 'IT Manager', 'maksims+antonovs');
INSERT INTO public.ico_crew (ico_id, links, name, photo, title, url) VALUES (2299, '""', 'Petr Pogorodny', 'https://icobench.com/images/icos/team/2299-24865.jpg', '""', 'petr+pogorodny');
INSERT INTO public.ico_crew (ico_id, links, name, photo, title, url) VALUES (2299, 'https://www.linkedin.com/in/%E0%B9%91%DB%A9%DB%9E%DB%A9%E0%B9%91-sam-dwivedi-%E0%B9%91%DB%A9%DB%9E%DB%A9%E0%B9%91-56767b65/', 'Sam Dwivedi', 'https://icobench.com/images/icos/team/2299-24868.jpg', '""', 'sam+dwivedi');
INSERT INTO public.ico_crew (ico_id, links, name, photo, title, url) VALUES (2299, 'https://www.linkedin.com/in/ingus-staltmanis-9bb58019/', 'Ingus Staltmanis', 'https://icobench.com/images/icos/team/2299-24862.jpg', '""', 'ingus-staltmanis');
INSERT INTO public.ico_crew (ico_id, links, name, photo, title, url) VALUES (2299, 'https://www.linkedin.com/in/martin-schottenloher-1977101/', 'Martin Schottenloher', 'https://icobench.com/images/icos/team/2299-24866.jpg', '""', 'martin+schottenloher');
INSERT INTO public.ico_crew (ico_id, links, name, photo, title, url) VALUES (2299, 'https://www.linkedin.com/in/victor-kasyanov-0a97942b/', 'Viktors Kasjanovs', 'https://icobench.com/images/icos/team/2299-24863.jpg', '""', 'viktors+kasjanovs');
INSERT INTO public.ico_crew (ico_id, links, name, photo, title, url) VALUES (2299, 'https://www.linkedin.com/in/guilherme-muck-03556957/', 'Guilherme Muck', 'https://icobench.com/images/icos/team/2299-58374.jpg', 'CCM', 'guilherme+muck');
INSERT INTO public.ico_crew (ico_id, links, name, photo, title, url) VALUES (2299, 'https://www.linkedin.com/in/mypetr/', 'Petr Myachin', 'https://icobench.com/images/icos/team/2299-60099.jpg', 'Advisor', 'petr-myachin');
INSERT INTO public.ico_crew (ico_id, links, name, photo, title, url) VALUES (2299, 'https://www.linkedin.com/in/dainis-stikuts-13506661/', 'Dainis Stikuts', 'https://icobench.com/images/icos/team/2299-24859.jpg', '""', 'dainis+stikuts');
INSERT INTO public.ico_crew (ico_id, links, name, photo, title, url) VALUES (2183, 'https://www.linkedin.com/in/sasha-geo-74a9b129/', 'Alexandr Sokolov', 'https://icobench.com/images/icos/team/2183-52099.jpg', 'CSA', 'alexandr+sokolov');
INSERT INTO public.ico_crew (ico_id, links, name, photo, title, url) VALUES (2183, 'http://www.linkedin.com/in/fedor-gladovsky/', 'Fedor Gladovsky', 'https://icobench.com/images/icos/team/2183-23022.jpg', 'Senior Web Developer', 'fedor+gladovsky');
INSERT INTO public.ico_crew (ico_id, links, name, photo, title, url) VALUES (2183, 'https://www.linkedin.com/in/icoadv', 'Vladimir Nikitin', 'https://icobench.com/images/icos/team/2183-28895.jpg', 'Strategic ICO Advisor', 'vladimir-nikitin');
INSERT INTO public.ico_crew (ico_id, links, name, photo, title, url) VALUES (2183, 'https://www.linkedin.com/in/евгений-добровольский-77944362/', 'Eugene Dobrovolsky', 'https://icobench.com/images/icos/team/2183-23021.jpg', 'CBDO', 'eugene+dobrovolsky');
INSERT INTO public.ico_crew (ico_id, links, name, photo, title, url) VALUES (2183, 'https://www.linkedin.com/in/temur-shakaya-21878b159/', 'Temur Shakaia', 'https://icobench.com/images/icos/team/2183-23015.jpg', 'Strategic Partnership Advisor', 'temur+shakaia');
INSERT INTO public.ico_crew (ico_id, links, name, photo, title, url) VALUES (2183, 'https://www.linkedin.com/in/neilbryant/', 'Neil Bryant', 'https://icobench.com/images/icos/team/2183-23016.jpg', 'СЕО', 'neil-bryant');
INSERT INTO public.ico_crew (ico_id, links, name, photo, title, url) VALUES (2183, 'https://www.linkedin.com/in/nathan-christian-90365414a/', 'Nathan Christian', 'https://icobench.com/images/icos/team/2183-23604.jpg', 'Advisor', 'nathanchristian');
INSERT INTO public.ico_crew (ico_id, links, name, photo, title, url) VALUES (2183, 'https://www.linkedin.com/in/orekhov-dmitry-31a2b617', 'Dmitry Orekhov', 'https://icobench.com/images/icos/team/2183-23020.jpg', 'CMO', 'dmitry+orekhov');
INSERT INTO public.ico_crew (ico_id, links, name, photo, title, url) VALUES (2183, 'https://www.linkedin.com/in/andrey-molchanov-17228176', 'Andrey Molchanov', 'https://icobench.com/images/icos/team/2183-52098.jpg', 'CSPO', 'andrey+molchanov');
INSERT INTO public.ico_crew (ico_id, links, name, photo, title, url) VALUES (2183, 'https://www.linkedin.com/in/alexandershulgin/', 'Alexander Shulgin', 'https://icobench.com/images/icos/team/2183-24132.jpg', 'PR and Community Advisor', 'alexander+shulgin');
INSERT INTO public.ico_crew (ico_id, links, name, photo, title, url) VALUES (2183, 'https://www.linkedin.com/in/a3technology/', 'Artem Haritonov', 'https://icobench.com/images/icos/team/2183-52097.jpg', 'CTO', 'artem+haritonov');
INSERT INTO public.ico_crew (ico_id, links, name, photo, title, url) VALUES (2183, 'https://www.linkedin.com/in/igor-karavaev-80a0674/', 'Igor Karavaev', 'https://icobench.com/images/icos/team/2183-23014.jpg', 'Advisor. Investor Relations', 'igorkaravaev');
INSERT INTO public.ico_crew (ico_id, links, name, photo, title, url) VALUES (2183, 'https://www.linkedin.com/in/arkady-yasashnyy-20678638/', 'Arkady Yasashny', 'https://icobench.com/images/icos/team/2183-23017.jpg', 'СFО', 'arkady+yasashny');
INSERT INTO public.ico_crew (ico_id, links, name, photo, title, url) VALUES (2183, 'https://www.linkedin.com/in/ekaterinabublik', 'Kate Bublik', 'https://icobench.com/images/icos/team/2183-58536.jpg', 'Digital Marketing Expert', 'kate+bublik');
INSERT INTO public.ico_crew (ico_id, links, name, photo, title, url) VALUES (4634, 'https://www.linkedin.com/in/john-zanotti-ba3254163/', 'John Zanotti', 'https://icobench.com/images/icos/team/4634-57541.jpg', 'Strategic Advisor — Business Development', 'john+zanotti');
INSERT INTO public.ico_crew (ico_id, links, name, photo, title, url) VALUES (4634, 'https://www.linkedin.com/in/pui-chi-wong-857160162/', 'Pui Chi Wong', 'https://icobench.com/images/icos/team/4634-57530.jpg', 'Investment Banking, APAC Business Development', 'pui+chi+wong');
INSERT INTO public.ico_crew (ico_id, links, name, photo, title, url) VALUES (4634, 'https://www.linkedin.com/in/michellesteingard/', 'Michelle L. Steingard', 'https://icobench.com/images/icos/team/4634-57538.jpg', 'Strategic Advisor — Affiliate Marketing', 'michelle+l.+steingard');
INSERT INTO public.ico_crew (ico_id, links, name, photo, title, url) VALUES (4634, 'https://www.linkedin.com/in/germanceo/', 'German Tanov', 'https://icobench.com/images/icos/team/4634-57534.jpg', 'Marketing Strategist', 'german+tanov');
INSERT INTO public.ico_crew (ico_id, links, name, photo, title, url) VALUES (4634, 'https://www.linkedin.com/in/nick-vero-67820ab5/', 'Nick Vero', 'https://icobench.com/images/icos/team/4634-57533.jpg', 'Sales and Marketing Strategist', 'nick+vero');
INSERT INTO public.ico_crew (ico_id, links, name, photo, title, url) VALUES (4634, 'https://www.linkedin.com/in/arturassvirskis/', 'Arturas Svirskis', 'https://icobench.com/images/icos/team/4634-57537.jpg', 'Strategic Advisor — Marketing', 'arturas-svirskis');
INSERT INTO public.ico_crew (ico_id, links, name, photo, title, url) VALUES (4634, 'https://www.linkedin.com/in/marioscharalambides/', 'Marios Charalambides', 'https://icobench.com/images/icos/team/4634-57529.jpg', 'Corporate Structuring and Accounting', 'marios+charalambides');
INSERT INTO public.ico_crew (ico_id, links, name, photo, title, url) VALUES (4634, 'https://www.linkedin.com/in/bel-r-li-b8209764', 'Bel R. Li', 'https://icobench.com/images/icos/team/4634-57525.jpg', 'CRO, PR and Media Communications', 'bel+r.+li');
INSERT INTO public.ico_crew (ico_id, links, name, photo, title, url) VALUES (4634, 'https://www.linkedin.com/in/karen-hu-127882165/', 'Karen Hu', 'https://icobench.com/images/icos/team/4634-57526.jpg', 'Customer Relations, APAC', 'karen+hu');
INSERT INTO public.ico_crew (ico_id, links, name, photo, title, url) VALUES (4634, 'https://www.linkedin.com/in/chi-le-50aa99153/', 'Chi Le', 'https://icobench.com/images/icos/team/4634-57539.jpg', 'Strategic Advisor — PR and Marketing, Southeast Asia', 'chi+le');
INSERT INTO public.ico_crew (ico_id, links, name, photo, title, url) VALUES (4634, 'https://www.linkedin.com/in/liudmila-erukhova-60259554/', 'Liudmila Erukhova', 'https://icobench.com/images/icos/team/4634-57540.jpg', 'Strategic Advisor — Fintech Analyst', 'liudmila+erukhova');
INSERT INTO public.ico_crew (ico_id, links, name, photo, title, url) VALUES (4634, 'https://www.linkedin.com/in/bing-d-03aa204/', 'Bing Deng', 'https://icobench.com/images/icos/team/4634-57523.jpg', 'Chief Strtegist — APAC', 'bing+deng');
INSERT INTO public.ico_crew (ico_id, links, name, photo, title, url) VALUES (4634, 'https://www.linkedin.com/in/andreas-ioannou-aa3585a8/', 'Andreas Ioannou', 'https://icobench.com/images/icos/team/4634-57528.jpg', 'Legal and Compliance Executive', 'andreas+ioannou');
INSERT INTO public.ico_crew (ico_id, links, name, photo, title, url) VALUES (4634, 'https://www.linkedin.com/in/ibgceo/', 'Roman Miroshnichenko', 'https://icobench.com/images/icos/team/4634-57536.jpg', 'Digital Marketing Strategist. Project Manager.', 'ibgceo');
INSERT INTO public.ico_crew (ico_id, links, name, photo, title, url) VALUES (4634, 'https://www.linkedin.com/in/edward-w-mandel-760185/', 'Edward W. Mandel', 'https://icobench.com/images/icos/team/4634-57518.jpg', 'CEO', 'edward');
INSERT INTO public.ico_crew (ico_id, links, name, photo, title, url) VALUES (4634, 'https://www.linkedin.com/in/evanberger100/', 'Evan Berger', 'https://icobench.com/images/icos/team/4634-57531.jpg', 'International Legal and Venture Finance Strategy', 'evan+berger');
INSERT INTO public.ico_crew (ico_id, links, name, photo, title, url) VALUES (4634, 'https://www.linkedin.com/in/tim-chen-9b0441149/', 'Tim Chen', 'https://icobench.com/images/icos/team/4634-57522.jpg', 'CMO, APAC', 'tim+chen');
INSERT INTO public.ico_crew (ico_id, links, name, photo, title, url) VALUES (4634, 'https://www.linkedin.com/in/pbondarev/', 'Pavel Bondarev', 'https://icobench.com/images/icos/team/4634-57542.jpg', 'Strategic Advisor — AI Development', 'pavel+bondarev');
INSERT INTO public.ico_crew (ico_id, links, name, photo, title, url) VALUES (4634, 'https://www.linkedin.com/in/konstantinos-kastana-80a837131/', 'Konstantinos Kastana', 'https://icobench.com/images/icos/team/4634-57520.jpg', 'COO, CMO — EMEA', 'konstantinos+kastana');
INSERT INTO public.ico_crew (ico_id, links, name, photo, title, url) VALUES (4634, 'https://www.linkedin.com/in/slava-mirgorodsky/', 'Vyacheslav Mirgorodsky', 'https://icobench.com/images/icos/team/4634-57521.jpg', 'Chief Technology Officer', 'vyacheslav+mirgorodsky');
INSERT INTO public.ico_crew (ico_id, links, name, photo, title, url) VALUES (4634, 'https://www.linkedin.com/in/kirill-ovs-b3910a162/', 'Kirill Ovs', 'https://icobench.com/images/icos/team/4634-57519.jpg', 'Chief Visionary Officer', 'kirill+ovs');
INSERT INTO public.ico_crew (ico_id, links, name, photo, title, url) VALUES (4634, 'https://www.linkedin.com/in/michael-ma-39a803165/', 'Michael Ma', 'https://icobench.com/images/icos/team/4634-57527.jpg', 'Sales and Marketing Executive, APAC', 'michael+ma');
INSERT INTO public.ico_crew (ico_id, links, name, photo, title, url) VALUES (4634, 'https://www.linkedin.com/in/maxim-garbuzov-110361164/', 'Maxim Garbuzov', 'https://icobench.com/images/icos/team/4634-57535.jpg', 'Community Manager. Social Media Marketer.', 'maxim+garbuzov');
INSERT INTO public.ico_crew (ico_id, links, name, photo, title, url) VALUES (4634, 'https://www.linkedin.com/in/victor-jacobs-069b32162/', 'Victor Jacobs', 'https://icobench.com/images/icos/team/4634-57524.jpg', 'Business Development Executive', 'victor+jacobs');
INSERT INTO public.ico_crew (ico_id, links, name, photo, title, url) VALUES (4634, 'https://www.linkedin.com/in/luca-c-0b6678145/', 'Luca Cotta', 'https://icobench.com/images/icos/team/4634-64990.jpg', 'Strategic Advisor — ICO Driver', 'luca-cotta');
INSERT INTO public.ico_crew (ico_id, links, name, photo, title, url) VALUES (4634, 'https://www.linkedin.com/in/nechesov/', 'Andrey Nechesov', 'https://icobench.com/images/icos/team/4634-57532.jpg', 'Blockchain Developer, Sciencist', 'andrey+nechesov');
INSERT INTO public.ico_crew (ico_id, links, name, photo, title, url) VALUES (4634, 'https://www.linkedin.com/in/giacomo-arcaro-crypto/', 'Giacomo Arcaro', 'https://icobench.com/images/icos/team/4634-63003.jpg', 'Strategic Advisor – Marketing', 'giacomo-arcaro');
INSERT INTO public.ico_crew (ico_id, links, name, photo, title, url) VALUES (4634, 'https://www.linkedin.com/in/thang-bui-027961165/', 'Thang Bui', 'https://icobench.com/images/icos/team/4634-57543.jpg', 'Strategic Advisor — Blockchain Developer, South Asia', 'thang+bui');
INSERT INTO public.ico_crew (ico_id, links, name, photo, title, url) VALUES (3478, 'https://www.linkedin.com/in/ongjunhao/', 'Jun Hao', 'https://icobench.com/images/icos/team/3478-41878.jpg', 'Blockchain Evangelist', 'junhao');
INSERT INTO public.ico_crew (ico_id, links, name, photo, title, url) VALUES (4199, 'https://www.linkedin.com/in/amal-azzeh-02439b168/', 'Mrs. Amal Azzeh', 'https://icobench.com/images/icos/team/4199-51385.jpg', 'Co-Founder & CFO', 'mrs.+amal+azzeh');
INSERT INTO public.ico_crew (ico_id, links, name, photo, title, url) VALUES (4199, 'https://www.linkedin.com/in/bobbie-ticknor-31ba229/', 'Dr. Bobbie Ticknor', 'https://icobench.com/images/icos/team/4199-51388.jpg', '""', 'dr.+bobbie+ticknor');
INSERT INTO public.ico_crew (ico_id, links, name, photo, title, url) VALUES (4199, '""', 'Dr. Jeffrey Pfeifer', 'https://icobench.com/images/icos/team/4199-51390.jpg', '""', 'dr.+jeffrey+pfeifer');
INSERT INTO public.ico_crew (ico_id, links, name, photo, title, url) VALUES (4199, 'https://www.linkedin.com/in/saeed-al-dhaheri-71a09058/', 'H.E. Dr. Saeed Al Dhaheri', 'https://icobench.com/images/icos/team/4199-64301.jpg', '""', 'h.e.+dr.+saeed+al+dhaheri');
INSERT INTO public.ico_crew (ico_id, links, name, photo, title, url) VALUES (4199, 'https://www.linkedin.com/in/paul-mears-80224b4/', 'Paul Mears', 'https://icobench.com/images/icos/team/4199-55074.jpg', '""', 'paulmears');
INSERT INTO public.ico_crew (ico_id, links, name, photo, title, url) VALUES (4199, 'https://www.linkedin.com/in/rajiwahidy/', 'Dr. Raji Wahidy', 'https://icobench.com/images/icos/team/4199-51384.jpg', 'CEO & Founder', 'dr.+raji+wahidy');
INSERT INTO public.ico_crew (ico_id, links, name, photo, title, url) VALUES (4199, 'https://www.linkedin.com/in/philfasano/', 'Philip Fasano', 'https://icobench.com/images/icos/team/4199-51391.jpg', '""', 'philip+fasano');
INSERT INTO public.ico_crew (ico_id, links, name, photo, title, url) VALUES (4199, 'https://www.linkedin.com/in/brad-martin-6812a25a/', 'Brad Martin', 'https://icobench.com/images/icos/team/4199-53355.jpg', 'Engineering (Consultant)', 'brad+martin');
INSERT INTO public.ico_crew (ico_id, links, name, photo, title, url) VALUES (4199, 'https://www.linkedin.com/in/karenghurst/', 'Karen Hurst', 'https://icobench.com/images/icos/team/4199-51387.jpg', '""', 'karen+hurst');
INSERT INTO public.ico_crew (ico_id, links, name, photo, title, url) VALUES (4199, 'https://www.linkedin.com/in/francois-normandeau-445145163/', 'Francois Normandeau', 'https://icobench.com/images/icos/team/4199-62446.jpg', '""', 'francois+normandeau');
INSERT INTO public.ico_crew (ico_id, links, name, photo, title, url) VALUES (4199, 'https://www.linkedin.com/in/ethan-gilmore-679120a4/', 'Ethan Gilmore', 'https://icobench.com/images/icos/team/4199-58518.jpg', '""', 'ethan+gilmore');
INSERT INTO public.ico_crew (ico_id, links, name, photo, title, url) VALUES (4199, 'https://www.linkedin.com/in/binodnirvan/', 'Binod Nirvan', 'https://icobench.com/images/icos/team/4199-56363.jpg', '""', 'binod');
INSERT INTO public.ico_crew (ico_id, links, name, photo, title, url) VALUES (4199, 'https://www.linkedin.com/in/larrywray/', 'Dr. Larry Wray', 'https://icobench.com/images/icos/team/4199-51389.jpg', '""', 'dr.+larry+wray');
INSERT INTO public.ico_crew (ico_id, links, name, photo, title, url) VALUES (4199, 'https://www.linkedin.com/in/pjainsjc/', 'Pankaj Jain', 'https://icobench.com/images/icos/team/4199-53356.jpg', 'Engineering (Consultant)', 'pankaj+jain');
INSERT INTO public.ico_crew (ico_id, links, name, photo, title, url) VALUES (4199, 'https://www.linkedin.com/in/donaldicox/', 'Donald Cox', 'https://icobench.com/images/icos/team/4199-51386.jpg', '""', 'donald+cox');
INSERT INTO public.ico_crew (ico_id, links, name, photo, title, url) VALUES (4199, 'https://www.linkedin.com/in/speville/', 'Jean Speville', 'https://icobench.com/images/icos/team/4199-54531.jpg', 'Chief Mind Technologist', 'jean+speville');
INSERT INTO public.ico_crew (ico_id, links, name, photo, title, url) VALUES (4199, 'https://www.linkedin.com/in/jbenizri/', 'Jamie Benizri', 'https://icobench.com/images/icos/team/4199-53357.jpg', 'Legal (Consultant)', 'jamie+benizri');
INSERT INTO public.ico_crew (ico_id, links, name, photo, title, url) VALUES (3478, 'https://www.linkedin.com/in/armen-iv-88255073/', 'Armen Ivanyan', 'https://icobench.com/images/icos/team/3478-48195.jpg', 'Software Architect', 'armen+ivanyan');
INSERT INTO public.ico_crew (ico_id, links, name, photo, title, url) VALUES (3478, 'https://www.linkedin.com/in/viacheslav-timerbulatov-859814162/', 'Viacheslav Timerbulatov', 'https://icobench.com/images/icos/team/3478-39802.jpg', 'Co-founder, Head of Business Development', 'viacheslav+timerbulatov');
INSERT INTO public.ico_crew (ico_id, links, name, photo, title, url) VALUES (3478, 'https://www.linkedin.com/in/andreigunin/', 'Andrey Gunin', 'https://icobench.com/images/icos/team/3478-39801.jpg', 'CFO, Co-Founder', 'andrey+gunin');
INSERT INTO public.ico_crew (ico_id, links, name, photo, title, url) VALUES (3478, 'https://www.linkedin.com/in/taras-chumachenko/', 'Taras Chumachenko', 'https://icobench.com/images/icos/team/3478-48203.jpg', 'Partner, Head of Products', 'taras+chumachenko');
INSERT INTO public.ico_crew (ico_id, links, name, photo, title, url) VALUES (3478, 'https://www.linkedin.com/in/khachatur-gukasyan-79627b30/', 'Khachatur Gukasyan', 'https://icobench.com/images/icos/team/3478-39798.jpg', 'CEO & Co-founder', 'khachatur-gukasyan');
INSERT INTO public.ico_crew (ico_id, links, name, photo, title, url) VALUES (3478, 'https://www.linkedin.com/in/sergey-shvey-b921b849/', 'Sergey Shvey', 'https://icobench.com/images/icos/team/3478-39804.jpg', 'Product Owner', 'sergey+shvey');
INSERT INTO public.ico_crew (ico_id, links, name, photo, title, url) VALUES (3478, 'https://www.linkedin.com/in/aspram-shadyan-bbba10b7/', 'Aspram Shadyan', 'https://icobench.com/images/icos/team/3478-48198.jpg', 'Developer', 'aspram+shadyan');
INSERT INTO public.ico_crew (ico_id, links, name, photo, title, url) VALUES (3478, 'https://www.linkedin.com/in/karenbalabekyan/', 'Karen Balabekyan', 'https://icobench.com/images/icos/team/3478-44289.jpg', 'Developer', 'karen+balabekyan');
INSERT INTO public.ico_crew (ico_id, links, name, photo, title, url) VALUES (3478, 'https://www.linkedin.com/in/david-khudaverdyan-b1774336/', 'David Khudaverdyan', 'https://icobench.com/images/icos/team/3478-39806.jpg', 'Product Owner', 'david+khudaverdyan');
INSERT INTO public.ico_crew (ico_id, links, name, photo, title, url) VALUES (3478, 'https://www.linkedin.com/in/tigranavetis/', 'Tigran Avetisyan', 'https://icobench.com/images/icos/team/3478-48199.jpg', 'Software developer', 'tigran+avetisyan');
INSERT INTO public.ico_crew (ico_id, links, name, photo, title, url) VALUES (3478, 'https://www.linkedin.com/in/ekaterina-matveeva-46835a165/', 'Ekaterina Matveeva', 'https://icobench.com/images/icos/team/3478-48201.jpg', 'Head of marketing', 'ekaterina+matveeva');
INSERT INTO public.ico_crew (ico_id, links, name, photo, title, url) VALUES (3478, 'https://www.linkedin.com/in/stepantsaturyan/', 'Stepan Tsaturyan', 'https://icobench.com/images/icos/team/3478-39800.jpg', 'CTO', 'stepan+tsaturyan');
INSERT INTO public.ico_crew (ico_id, links, name, photo, title, url) VALUES (3478, 'https://www.linkedin.com/in/anahit-ghazaryan-99856210a/', 'Anahit Ghazaryan', 'https://icobench.com/images/icos/team/3478-44288.jpg', 'QA Engineer', 'anahit+ghazaryan');
INSERT INTO public.ico_crew (ico_id, links, name, photo, title, url) VALUES (3478, 'https://www.linkedin.com/in/alexander-andrianov/', 'Alexander Andrianov', 'https://icobench.com/images/icos/team/3478-39805.jpg', 'Product Owner', 'alexander+andrianov');
INSERT INTO public.ico_crew (ico_id, links, name, photo, title, url) VALUES (3478, 'https://www.linkedin.com/in/yakovlevdk/', 'Danil Yakovlev', 'https://icobench.com/images/icos/team/3478-44286.jpg', 'Trading Infrastructure Manager', 'danil+yakovlev');
INSERT INTO public.ico_crew (ico_id, links, name, photo, title, url) VALUES (3478, 'https://www.linkedin.com/in/sergey-kovtunenko-54686456/', 'Sergey Kovtunenko', 'https://icobench.com/images/icos/team/3478-52514.jpg', 'Executive Director', 'sergey+kovtunenko');
INSERT INTO public.ico_crew (ico_id, links, name, photo, title, url) VALUES (3478, 'https://lt.linkedin.com/in/borodich', 'Alexander Borodich', 'https://icobench.com/images/icos/team/3478-41876.jpg', 'Universa Blockchain founder', 'alexander+borodich');
INSERT INTO public.ico_crew (ico_id, links, name, photo, title, url) VALUES (3478, 'https://www.linkedin.com/in/bogdanfiedur/', 'Bogdan Fiedur', 'https://icobench.com/images/icos/team/3478-41877.jpg', 'Full-Stack Developer, ICO Advisor', 'win2win');
INSERT INTO public.ico_crew (ico_id, links, name, photo, title, url) VALUES (3478, 'https://www.linkedin.com/in/khorenshahbazyan/', 'Khoren Shahbazyan', 'https://icobench.com/images/icos/team/3478-48197.jpg', 'Developer', 'khoren+shahbazyan');
INSERT INTO public.ico_crew (ico_id, links, name, photo, title, url) VALUES (3478, 'https://www.linkedin.com/in/viktorya-karamyan-8889b481/', 'Viktorya Karamyan', 'https://icobench.com/images/icos/team/3478-44290.jpg', 'QA Engineer', 'viktorya+karamyan');
INSERT INTO public.ico_crew (ico_id, links, name, photo, title, url) VALUES (3478, 'https://www.linkedin.com/in/sergio-geller-ba382036/', 'Serge Geller', 'https://icobench.com/images/icos/team/3478-39799.jpg', 'COO & Co-Founder', 'serge+geller');
INSERT INTO public.ico_crew (ico_id, links, name, photo, title, url) VALUES (3478, 'https://www.linkedin.com/in/hayk-manukyan-08b437116/', 'Hayk Manukyan', 'https://icobench.com/images/icos/team/3478-44287.jpg', 'Developer', 'hayk+manukyan');
INSERT INTO public.ico_crew (ico_id, links, name, photo, title, url) VALUES (3478, 'https://www.linkedin.com/in/blockchain/', 'Ismail Malik', 'https://icobench.com/images/icos/team/3478-50269.jpg', 'International business development advisor', 'ismail-malik');
INSERT INTO public.ico_crew (ico_id, links, name, photo, title, url) VALUES (3478, 'https://www.linkedin.com/in/arthur-hakobyan-0300b34/', 'Arthur Hakobyan', 'https://icobench.com/images/icos/team/3478-48192.jpg', 'PhD, Software Architect', 'arthur+hakobyan');
INSERT INTO public.ico_crew (ico_id, links, name, photo, title, url) VALUES (3679, 'https://www.linkedin.com/in/rangar/', 'Bundeep Rangar', 'https://icobench.com/images/icos/team/3679-61330.jpg', 'Co-Founder', 'bundeep+rangar');
INSERT INTO public.ico_crew (ico_id, links, name, photo, title, url) VALUES (3679, 'https://www.linkedin.com/in/peep-paum-28479568/', 'Peep Paum', 'https://icobench.com/images/icos/team/3679-61334.jpg', 'Product Manager', 'peep+paum');
INSERT INTO public.ico_crew (ico_id, links, name, photo, title, url) VALUES (3679, 'https://www.linkedin.com/in/liinalaas/', 'Liina Laas-Billson', 'https://icobench.com/images/icos/team/3679-61333.jpg', 'CBDO', 'liina+laas-billson');
INSERT INTO public.ico_crew (ico_id, links, name, photo, title, url) VALUES (3679, 'https://www.linkedin.com/in/ristorossar/', 'Risto Rossar', 'https://icobench.com/images/icos/team/3679-61329.jpg', 'CEO and Co-Founder', 'risto-rossar');
INSERT INTO public.ico_crew (ico_id, links, name, photo, title, url) VALUES (3679, 'https://www.linkedin.com/in/triinu-murum%C3%A4e-90497b7b/', 'Triinu Murumäe', 'https://icobench.com/images/icos/team/3679-61335.jpg', 'Marketing Manager', 'triinu-murumae');
INSERT INTO public.ico_crew (ico_id, links, name, photo, title, url) VALUES (3679, 'https://www.linkedin.com/in/chris-williams-26a33a4/', 'Chris Williams', 'https://icobench.com/images/icos/team/3679-61332.jpg', 'CTO and Blockchain Solution Architect', 'chris+williams');
INSERT INTO public.ico_crew (ico_id, links, name, photo, title, url) VALUES (3679, 'https://www.linkedin.com/in/martparve/', 'Mart Parve', 'https://icobench.com/images/icos/team/3679-61331.jpg', 'COO', 'martparve');
INSERT INTO public.ico_crew (ico_id, links, name, photo, title, url) VALUES (3942, 'https://www.linkedin.com/in/minwoo-nam-9a490621/', 'Min Woo Nam', 'https://icobench.com/images/icos/team/3942-47916.jpg', 'Head of Blockchain Development, 18+ years of cryptographic software development, inventor of various APAC market leading PKI & SSO solutions, Penta Security Systems, Inc.', 'min+woo+nam');
INSERT INTO public.ico_crew (ico_id, links, name, photo, title, url) VALUES (3942, '""', 'Steve C.Y. Pang', 'https://icobench.com/images/icos/team/3942-52845.jpg', 'Executive Director of Goldford Venture Capital & Goldford Group, 20+ years of experience in financial services and IT sector focusing on China market, Swire Group, Zurich Financial Services', 'steve+c.y.+pang');
INSERT INTO public.ico_crew (ico_id, links, name, photo, title, url) VALUES (3942, 'https://www.linkedin.com/in/leehae-you/', 'Lee Hae You', 'https://icobench.com/images/icos/team/3942-47918.jpg', 'Service Development Engineer, experienced service development engineer, Cloudbric', 'lee+hae+you');
INSERT INTO public.ico_crew (ico_id, links, name, photo, title, url) VALUES (3942, 'https://www.linkedin.com/in/trentbarnes/', 'Trent Barnes', 'https://icobench.com/images/icos/team/3942-58169.jpg', 'Principal at ZeroCap,  Blockchain and corporate advisor and Board Member of the Blockchain Association of Australia', 'trent+barnes');
INSERT INTO public.ico_crew (ico_id, links, name, photo, title, url) VALUES (3942, 'https://www.linkedin.com/in/petersecha/', 'Peter Cha', 'https://icobench.com/images/icos/team/3942-47913.jpg', 'Chief Strategy Officer, marketing and business development experience in DB encryption, MyDiamo, Penta Security Systems, Inc., Cloudbric', 'peter+cha');
INSERT INTO public.ico_crew (ico_id, links, name, photo, title, url) VALUES (3942, 'https://www.linkedin.com/in/romanticjay/', 'Sungjae Hwang', 'https://icobench.com/images/icos/team/3942-54947.jpg', 'FoundationX CEO & Co-Founder, Chief Product Officer at Fluenty Inc., Chief Strategy Officer at Pium Labs Inc.', 'sungjae+hwang');
INSERT INTO public.ico_crew (ico_id, links, name, photo, title, url) VALUES (3942, 'https://www.linkedin.com/in/%EC%9D%B4%EC%84%9D%EC%9A%B0-15-7308227/', 'Seokwoo Lee', 'https://icobench.com/images/icos/team/3942-47927.jpg', 'Founder and CEO of Penta Security Systems, Inc., 20+ years of information security expertise, adjunct professor at POSTECH', 'seokwoo+lee');
INSERT INTO public.ico_crew (ico_id, links, name, photo, title, url) VALUES (3942, 'https://www.linkedin.com/in/cloudbric-tiny/', 'Giseung “Tiny” Jo', 'https://icobench.com/images/icos/team/3942-47914.jpg', 'Chief Technology Officer, 18+ years of web and security development expertise, Cloudbric', 'giseung+“tiny”+jo');
INSERT INTO public.ico_crew (ico_id, links, name, photo, title, url) VALUES (3942, 'http://www.linkedin.com/in/yb-choi', 'YB Choi', 'https://icobench.com/images/icos/team/3942-47923.jpg', 'PR Manager, experienced international marketing and PR manager, Global Civic Sharing, Penta Security Systems, Inc., Cloudbric', 'yb+choi');
INSERT INTO public.ico_crew (ico_id, links, name, photo, title, url) VALUES (3942, 'https://www.linkedin.com/in/yongseok-choi-3690a5163', 'Yong Seok Choi', 'https://icobench.com/images/icos/team/3942-47921.jpg', 'Design Expert, 20+ years of graphic and web design experience, Penta Security Systems, Inc.', 'yong+seok+choi');
INSERT INTO public.ico_crew (ico_id, links, name, photo, title, url) VALUES (3942, 'https://www.linkedin.com/in/karen-cruz-galv/', 'Karen Cruz', 'https://icobench.com/images/icos/team/3942-47925.jpg', 'Digital Marketing Manager, experienced digital marketing and SEO specialist, global PR and content management, Cloudbric', 'cloudbric');
INSERT INTO public.ico_crew (ico_id, links, name, photo, title, url) VALUES (3942, 'https://www.linkedin.com/in/kyle-riley-b95b7369', 'Kyle Riley', 'https://icobench.com/images/icos/team/3942-47932.jpg', 'Co-founder of iosiro, Director of Zenoic, security consultant for MWR InfoSecurity', 'kyle-riley');
INSERT INTO public.ico_crew (ico_id, links, name, photo, title, url) VALUES (3942, 'https://www.linkedin.com/in/seungho-cha/', 'Seung Ho Cha', 'https://icobench.com/images/icos/team/3942-47917.jpg', 'Deep Learning Engineer, 4+ years of service and deep learning development experience', 'seung+ho+cha');
INSERT INTO public.ico_crew (ico_id, links, name, photo, title, url) VALUES (3942, 'https://www.linkedin.com/in/yuika-hama/', 'Yuika Hama', 'https://icobench.com/images/icos/team/3942-47922.jpg', 'Business Development (Japan), 5 years of international business development experience focusing on the Japan market, Penta Security Systems, Inc., Cloudbric', 'yuika+hama');
INSERT INTO public.ico_crew (ico_id, links, name, photo, title, url) VALUES (3942, 'https://www.linkedin.com/in/joeysong/', 'Joey Song', 'https://icobench.com/images/icos/team/3942-47912.jpg', 'Chief Operating Officer, 8+ years of management consulting and international business development experience, Deloitte & Touche LLP, Grant Thornton LLP, Cloudbric', 'joeysong');
INSERT INTO public.ico_crew (ico_id, links, name, photo, title, url) VALUES (3942, 'http://www.linkedin.com/in/jihye-park', 'Ji Hye Park', 'https://icobench.com/images/icos/team/3942-47919.jpg', 'Senior Web Developer, 9 years of web and service development experience, Penta Security Systems, Inc., Cloudbric, Sirius Soft, EC Global', 'ji+hye+park');
INSERT INTO public.ico_crew (ico_id, links, name, photo, title, url) VALUES (3942, 'https://www.linkedin.com/in/caspar-wong-46186790/', 'Caspar Wong', 'https://icobench.com/images/icos/team/3942-52846.jpg', 'CEO of Goldford Fintech, VP of Goldford Group, Chairman of Hong Kong Young Professional Alliance Blockchain Committee', 'caspar+wong');
INSERT INTO public.ico_crew (ico_id, links, name, photo, title, url) VALUES (3942, '""', 'Young Ha Kim', 'https://icobench.com/images/icos/team/3942-52847.jpg', 'Former CEO of Samsung Electronics China, 30+ years of experience in the Chinese electronics and technology development market, professor at Dankook University', 'young+ha+kim');
INSERT INTO public.ico_crew (ico_id, links, name, photo, title, url) VALUES (3942, 'https://www.linkedin.com/in/tgkim/', 'Tae Gwang Kim', 'https://icobench.com/images/icos/team/3942-47920.jpg', 'Front-End Developer, experienced front-end developer, Cloudbric', 'tae+gwang+kim');
INSERT INTO public.ico_crew (ico_id, links, name, photo, title, url) VALUES (3942, 'https://www.linkedin.com/in/tai-kim-35740010a/', 'Tai Kim', 'https://icobench.com/images/icos/team/3942-47915.jpg', 'Chief Product Officer, product development and management experience, specialty focus on the Greater China market, Penta Security Systems, Inc., Cloudbric', 'taikim');
INSERT INTO public.ico_crew (ico_id, links, name, photo, title, url) VALUES (3942, 'https://www.linkedin.com/in/jinwoo-shin-4b736622/', 'Dr. Jin Woo Shin', 'https://icobench.com/images/icos/team/3942-47931.jpg', 'Ph.D MIT, associate professor at KAIST for the algorithmic intelligence laboratory', 'dr.+jin+woo+shin');
INSERT INTO public.ico_crew (ico_id, links, name, photo, title, url) VALUES (3942, 'https://www.linkedin.com/in/kazunari-miyazaki-a0495b7/', 'Kazunari Miyazaki', 'https://icobench.com/images/icos/team/3942-47930.jpg', 'CPA, Head of NEC Venture Fund, 10+ years of M&A and venture investment experience, Director of BIGLOBE', 'kazunari+miyazaki');
INSERT INTO public.ico_crew (ico_id, links, name, photo, title, url) VALUES (3942, '""', 'Dr. Jae-Woo Lee', 'https://icobench.com/images/icos/team/3942-47926.jpg', 'Ph.D, CISSP, CCFP, CISA, CISM, 30+ years of information security expertise, international advisory board for Kaspersky Labs, Inc., founder of the Korean Information Security Agency (KISA), recipient of the Harold F. Tipton and Harold Weiss Award', 'dr.+jae-woo+lee');
INSERT INTO public.ico_crew (ico_id, links, name, photo, title, url) VALUES (3942, 'https://www.linkedin.com/in/taejoonj/', 'Taejoon Chung', 'https://icobench.com/images/icos/team/3942-47911.jpg', 'CEO & Founder, 10+ years of information security experience, inventor of various IT security related patents, Penta Security Systems, Inc., MyDiamo, Cloudbric', 'taejoon+chung');
INSERT INTO public.ico_crew (ico_id, links, name, photo, title, url) VALUES (3942, 'https://www.linkedin.com/in/ah-jo-71873515b/', 'Victoria Jo', 'https://icobench.com/images/icos/team/3942-47924.jpg', 'Communications Manager, experienced marketing and communication specialist, former experience in IT security engineering, Penta Security Systems, Inc., Cloudbric', 'victoria+jo');
INSERT INTO public.ico_crew (ico_id, links, name, photo, title, url) VALUES (3942, 'https://www.linkedin.com/in/williamhnguyen/', 'Dr. William H. Nguyen', 'https://icobench.com/images/icos/team/3942-47929.jpg', 'Ph.D Harvard, Chief Crypto Architect for GIFTO (GTO), CEO and founder of Kryptono Exchange', 'dr.+william+h.+nguyen');
INSERT INTO public.ico_crew (ico_id, links, name, photo, title, url) VALUES (3942, 'https://www.linkedin.com/in/testcode/', 'Dennis Kim', 'https://icobench.com/images/icos/team/3942-47928.jpg', 'CEO of PLAYCOIN (PLY) & Gamehub, CTO of Dingo, cloud security advisor for KISA', 'dennis+kim');
INSERT INTO public.ico_crew (ico_id, links, name, photo, title, url) VALUES (4948, 'https://www.linkedin.com/in/hilmarnooitgedagt/', 'Hilmar Nooitgedagt', 'https://icobench.com/images/icos/team/4948-61511.jpg', 'Software Engineer', 'hilmar+nooitgedagt');
INSERT INTO public.ico_crew (ico_id, links, name, photo, title, url) VALUES (4948, 'https://www.linkedin.com/in/patryk-skoczylas-97a884b2/', 'Patryk Skoczylas', 'https://icobench.com/images/icos/team/4948-65177.jpg', 'Business Development', 'patryk+skoczylas');
INSERT INTO public.ico_crew (ico_id, links, name, photo, title, url) VALUES (4948, 'https://www.linkedin.com/in/chris-combs-16970423/', 'Chris Combs', 'https://icobench.com/images/icos/team/4948-61518.jpg', 'Lead iOS Developer', 'chris+combs');
INSERT INTO public.ico_crew (ico_id, links, name, photo, title, url) VALUES (4948, 'https://www.linkedin.com/in/olav-johannesma-ab67956/', 'Olav Johannesma', 'https://icobench.com/images/icos/team/4948-61504.jpg', 'Financial Controller', 'olav+johannesma');
INSERT INTO public.ico_crew (ico_id, links, name, photo, title, url) VALUES (4948, 'https://www.linkedin.com/in/sergio-nicol%C3%B2-6933ba6b/', 'Sergio Nicolò', 'https://icobench.com/images/icos/team/4948-65174.jpg', 'Executive Director', 'sergio+nicolò');
INSERT INTO public.ico_crew (ico_id, links, name, photo, title, url) VALUES (4948, '""', 'Mairead O’Reilly', 'https://icobench.com/images/icos/team/4948-61509.jpg', 'Communications & PR', 'mairead+o’reilly');
INSERT INTO public.ico_crew (ico_id, links, name, photo, title, url) VALUES (4948, '""', 'Johnny Sørensen', 'https://icobench.com/images/icos/team/4948-61520.jpg', 'Lead Android Developer', 'johnny+sørensen');
INSERT INTO public.ico_crew (ico_id, links, name, photo, title, url) VALUES (4948, 'https://www.linkedin.com/in/benno-van-nierop-2106403/', 'Benno van Nierop', 'https://icobench.com/images/icos/team/4948-61517.jpg', 'Business Development', 'benno+van+nierop');
INSERT INTO public.ico_crew (ico_id, links, name, photo, title, url) VALUES (4948, 'https://www.linkedin.com/in/thierslouis/', 'Louis Thiers', 'https://icobench.com/images/icos/team/4948-61508.jpg', 'Co-Founder & Vice President', 'louis-thiers');
INSERT INTO public.ico_crew (ico_id, links, name, photo, title, url) VALUES (4948, 'https://www.linkedin.com/in/themi-tsiotas-von-pfaler/', 'Themi Tsiotas von Pfaler', 'https://icobench.com/images/icos/team/4948-61514.jpg', 'Lead Web Developer', 'themi+tsiotas+von+pfaler');
INSERT INTO public.ico_crew (ico_id, links, name, photo, title, url) VALUES (4948, 'https://www.linkedin.com/in/joelfreeborn/', 'Joel Freeborn', 'https://icobench.com/images/icos/team/4948-61510.jpg', 'Lead UX/UI designer', 'joel+freeborn');
INSERT INTO public.ico_crew (ico_id, links, name, photo, title, url) VALUES (4948, 'https://www.linkedin.com/in/thomascontin/', 'Thomas Contin', 'https://icobench.com/images/icos/team/4948-65175.jpg', 'ICO Legal Advisor', 'thomas-contin');
INSERT INTO public.ico_crew (ico_id, links, name, photo, title, url) VALUES (4948, 'https://www.linkedin.com/in/michiel-j-herkemij-8951697b/', 'Michiel Herkemij', 'https://icobench.com/images/icos/team/4948-61507.jpg', 'Business Advisor', 'michiel+herkemij');
INSERT INTO public.ico_crew (ico_id, links, name, photo, title, url) VALUES (4948, 'https://www.linkedin.com/in/ducohiensch/', 'Duco Hiensch', 'https://icobench.com/images/icos/team/4948-61503.jpg', 'Founder & President', 'duco-hiensch');
INSERT INTO public.ico_crew (ico_id, links, name, photo, title, url) VALUES (4948, 'https://www.linkedin.com/in/rzoni/', 'Richard Zoni', 'https://icobench.com/images/icos/team/4948-65178.jpg', 'Advisor', 'richardzoni');
INSERT INTO public.ico_crew (ico_id, links, name, photo, title, url) VALUES (4948, 'https://www.linkedin.com/in/abrahammouritz/', 'Abraham Mouritz', 'https://icobench.com/images/icos/team/4948-61513.jpg', 'Technology Counsel', 'abraham+mouritz');
INSERT INTO public.ico_crew (ico_id, links, name, photo, title, url) VALUES (4948, 'https://www.linkedin.com/in/marco-sala-bb0432158/', 'Marco Sala', 'https://icobench.com/images/icos/team/4948-65176.jpg', 'ICO Legal Advisor', 'marco+sala');
INSERT INTO public.ico_crew (ico_id, links, name, photo, title, url) VALUES (4948, 'https://www.linkedin.com/in/szkudlarek/', 'Luke Szkudlarek', 'https://icobench.com/images/icos/team/4948-61512.jpg', 'Token Economy Advisor', 'luke+szkudlarek');
INSERT INTO public.ico_crew (ico_id, links, name, photo, title, url) VALUES (4948, 'https://www.linkedin.com/in/tobiasvebel/', 'Tobias Vebel', 'https://icobench.com/images/icos/team/4948-61521.jpg', 'Quality Assurance', 'tobias+vebel');
INSERT INTO public.ico_crew (ico_id, links, name, photo, title, url) VALUES (4948, 'https://www.linkedin.com/in/justinbusschau/', 'Justin Busschau', 'https://icobench.com/images/icos/team/4948-61505.jpg', 'Technical Director', 'justin+busschau');
INSERT INTO public.ico_crew (ico_id, links, name, photo, title, url) VALUES (4948, 'https://www.linkedin.com/in/timo-maas/', 'Timo Maas', 'https://icobench.com/images/icos/team/4948-61515.jpg', 'System Engineer', 'timo+maas');
INSERT INTO public.ico_crew (ico_id, links, name, photo, title, url) VALUES (4948, 'https://www.linkedin.com/in/mario-colombo/', 'Mario Colombo', 'https://icobench.com/images/icos/team/4948-61516.jpg', 'Blockchain Advisor', 'mario+colombo');
INSERT INTO public.ico_crew (ico_id, links, name, photo, title, url) VALUES (4948, 'https://www.linkedin.com/in/artiom-rapinchuk-1b99a521/', 'Artiom Rapinchuk', 'https://icobench.com/images/icos/team/4948-61519.jpg', 'Smart Contract Developer', 'artiom+rapinchuk');
INSERT INTO public.ico_crew (ico_id, links, name, photo, title, url) VALUES (4948, 'https://www.linkedin.com/in/robin-verschuur-44b23a128/', 'Robin Verschuur', 'https://icobench.com/images/icos/team/4948-61506.jpg', 'Solutions Architect', 'robin+verschuur');


INSERT INTO public.ico_exchanges (ico_id, currency, logo, name, price, roi) VALUES (3478, 'USD', '""', 'Bitfinex', '.', null);


INSERT INTO public.ico_finance (ico_id, finance, finance_key) VALUES (4199, '5,000,000 USD', 'softcap');
INSERT INTO public.ico_finance (ico_id, finance, finance_key) VALUES (4199, '20,000,000 USD', 'hardcap');
INSERT INTO public.ico_finance (ico_id, finance, finance_key) VALUES (4199, '1 VRH = 0.1 USD', 'price');
INSERT INTO public.ico_finance (ico_id, finance, finance_key) VALUES (4199, 'ru', 'bonus');
INSERT INTO public.ico_finance (ico_id, finance, finance_key) VALUES (4199, '0', 'raised');
INSERT INTO public.ico_finance (ico_id, finance, finance_key) VALUES (4199, '4000000', 'tokens');
INSERT INTO public.ico_finance (ico_id, finance, finance_key) VALUES (4199, 'ERC20', 'tokentype');
INSERT INTO public.ico_finance (ico_id, finance, finance_key) VALUES (4199, 'Ethereum', 'platform');
INSERT INTO public.ico_finance (ico_id, finance, finance_key) VALUES (4199, 'VRH', 'token');
INSERT INTO public.ico_finance (ico_id, finance, finance_key) VALUES (4199, 'ETH, BNB, CS', 'accepting');
INSERT INTO public.ico_finance (ico_id, finance, finance_key) VALUES (3478, '3,000,000 USD', 'softcap');
INSERT INTO public.ico_finance (ico_id, finance, finance_key) VALUES (3478, '25,000,000 USD', 'hardcap');
INSERT INTO public.ico_finance (ico_id, finance, finance_key) VALUES (3478, '1 ZCN = 0.1 USD', 'price');
INSERT INTO public.ico_finance (ico_id, finance, finance_key) VALUES (3478, 'ru', 'bonus');
INSERT INTO public.ico_finance (ico_id, finance, finance_key) VALUES (3478, '0', 'raised');
INSERT INTO public.ico_finance (ico_id, finance, finance_key) VALUES (3478, '0', 'tokens');
INSERT INTO public.ico_finance (ico_id, finance, finance_key) VALUES (3478, 'ERC20', 'tokentype');
INSERT INTO public.ico_finance (ico_id, finance, finance_key) VALUES (3478, 'Ethereum', 'platform');
INSERT INTO public.ico_finance (ico_id, finance, finance_key) VALUES (3478, 'ZCN', 'token');
INSERT INTO public.ico_finance (ico_id, finance, finance_key) VALUES (3478, 'BTC, ETH, LTC', 'accepting');
INSERT INTO public.ico_finance (ico_id, finance, finance_key) VALUES (2299, '500,000 EUR', 'softcap');
INSERT INTO public.ico_finance (ico_id, finance, finance_key) VALUES (2299, '3,000,000 EUR', 'hardcap');
INSERT INTO public.ico_finance (ico_id, finance, finance_key) VALUES (2299, '1 ALF = 0.02 EUR', 'price');
INSERT INTO public.ico_finance (ico_id, finance, finance_key) VALUES (2299, 'ru', 'bonus');
INSERT INTO public.ico_finance (ico_id, finance, finance_key) VALUES (2299, '0', 'raised');
INSERT INTO public.ico_finance (ico_id, finance, finance_key) VALUES (2299, '700000000', 'tokens');
INSERT INTO public.ico_finance (ico_id, finance, finance_key) VALUES (2299, 'ERC20', 'tokentype');
INSERT INTO public.ico_finance (ico_id, finance, finance_key) VALUES (2299, 'Ethereum', 'platform');
INSERT INTO public.ico_finance (ico_id, finance, finance_key) VALUES (2299, 'ALF', 'token');
INSERT INTO public.ico_finance (ico_id, finance, finance_key) VALUES (2299, 'ETH', 'accepting');
INSERT INTO public.ico_finance (ico_id, finance, finance_key) VALUES (2183, '5,000,000 USD', 'softcap');
INSERT INTO public.ico_finance (ico_id, finance, finance_key) VALUES (2183, '30,000,000 USD', 'hardcap');
INSERT INTO public.ico_finance (ico_id, finance, finance_key) VALUES (2183, '1 ARR = 0,035 USD', 'price');
INSERT INTO public.ico_finance (ico_id, finance, finance_key) VALUES (2183, 'als', 'bonus');
INSERT INTO public.ico_finance (ico_id, finance, finance_key) VALUES (2183, '0', 'raised');
INSERT INTO public.ico_finance (ico_id, finance, finance_key) VALUES (2183, '45000000', 'tokens');
INSERT INTO public.ico_finance (ico_id, finance, finance_key) VALUES (2183, 'ERC20', 'tokentype');
INSERT INTO public.ico_finance (ico_id, finance, finance_key) VALUES (2183, 'Ethereum', 'platform');
INSERT INTO public.ico_finance (ico_id, finance, finance_key) VALUES (2183, 'ARR', 'token');
INSERT INTO public.ico_finance (ico_id, finance, finance_key) VALUES (2183, 'ETH, BTC, LTC, BCH, Dash', 'accepting');
INSERT INTO public.ico_finance (ico_id, finance, finance_key) VALUES (3679, '""', 'softcap');
INSERT INTO public.ico_finance (ico_id, finance, finance_key) VALUES (3679, '5,000,000 USD', 'hardcap');
INSERT INTO public.ico_finance (ico_id, finance, finance_key) VALUES (3679, '1 BLCK = 0.20 USD', 'price');
INSERT INTO public.ico_finance (ico_id, finance, finance_key) VALUES (3679, 'ru', 'bonus');
INSERT INTO public.ico_finance (ico_id, finance, finance_key) VALUES (3679, '0', 'raised');
INSERT INTO public.ico_finance (ico_id, finance, finance_key) VALUES (3679, '500000', 'tokens');
INSERT INTO public.ico_finance (ico_id, finance, finance_key) VALUES (3679, 'ERC20', 'tokentype');
INSERT INTO public.ico_finance (ico_id, finance, finance_key) VALUES (3679, 'Ethereum', 'platform');
INSERT INTO public.ico_finance (ico_id, finance, finance_key) VALUES (3679, 'BLCK', 'token');
INSERT INTO public.ico_finance (ico_id, finance, finance_key) VALUES (3679, 'BTC, LTC, ETH', 'accepting');
INSERT INTO public.ico_finance (ico_id, finance, finance_key) VALUES (4634, '""', 'softcap');
INSERT INTO public.ico_finance (ico_id, finance, finance_key) VALUES (4634, '""', 'hardcap');
INSERT INTO public.ico_finance (ico_id, finance, finance_key) VALUES (4634, '1 BQT = 0.028 USD', 'price');
INSERT INTO public.ico_finance (ico_id, finance, finance_key) VALUES (4634, 'ru', 'bonus');
INSERT INTO public.ico_finance (ico_id, finance, finance_key) VALUES (4634, '0', 'raised');
INSERT INTO public.ico_finance (ico_id, finance, finance_key) VALUES (4634, '0000000', 'tokens');
INSERT INTO public.ico_finance (ico_id, finance, finance_key) VALUES (4634, 'ERC20', 'tokentype');
INSERT INTO public.ico_finance (ico_id, finance, finance_key) VALUES (4634, 'Ethereum', 'platform');
INSERT INTO public.ico_finance (ico_id, finance, finance_key) VALUES (4634, 'BQTX', 'token');
INSERT INTO public.ico_finance (ico_id, finance, finance_key) VALUES (4634, 'ETH', 'accepting');
INSERT INTO public.ico_finance (ico_id, finance, finance_key) VALUES (3942, '""', 'softcap');
INSERT INTO public.ico_finance (ico_id, finance, finance_key) VALUES (3942, '28,800 ETH', 'hardcap');
INSERT INTO public.ico_finance (ico_id, finance, finance_key) VALUES (3942, '1 CLB = 0.00008 ETH', 'price');
INSERT INTO public.ico_finance (ico_id, finance, finance_key) VALUES (3942, 'ru', 'bonus');
INSERT INTO public.ico_finance (ico_id, finance, finance_key) VALUES (3942, '0', 'raised');
INSERT INTO public.ico_finance (ico_id, finance, finance_key) VALUES (3942, '4000000', 'tokens');
INSERT INTO public.ico_finance (ico_id, finance, finance_key) VALUES (3942, 'ERC20', 'tokentype');
INSERT INTO public.ico_finance (ico_id, finance, finance_key) VALUES (3942, 'Ethereum', 'platform');
INSERT INTO public.ico_finance (ico_id, finance, finance_key) VALUES (3942, 'CLB', 'token');
INSERT INTO public.ico_finance (ico_id, finance, finance_key) VALUES (3942, 'ETH', 'accepting');
INSERT INTO public.ico_finance (ico_id, finance, finance_key) VALUES (4948, '""', 'softcap');
INSERT INTO public.ico_finance (ico_id, finance, finance_key) VALUES (4948, '65,000,000,000 CSQ', 'hardcap');
INSERT INTO public.ico_finance (ico_id, finance, finance_key) VALUES (4948, '1 CSQ = 0.00040 CHF', 'price');
INSERT INTO public.ico_finance (ico_id, finance, finance_key) VALUES (4948, 'ru', 'bonus');
INSERT INTO public.ico_finance (ico_id, finance, finance_key) VALUES (4948, '0', 'raised');
INSERT INTO public.ico_finance (ico_id, finance, finance_key) VALUES (4948, '500000000', 'tokens');
INSERT INTO public.ico_finance (ico_id, finance, finance_key) VALUES (4948, 'ERC20', 'tokentype');
INSERT INTO public.ico_finance (ico_id, finance, finance_key) VALUES (4948, 'Ethereum', 'platform');
INSERT INTO public.ico_finance (ico_id, finance, finance_key) VALUES (4948, 'CSQ', 'token');
INSERT INTO public.ico_finance (ico_id, finance, finance_key) VALUES (4948, 'ETH, BTC, Fiat', 'accepting');


INSERT INTO public.ico_links (ico_id, links, links_key) VALUES (4199, 'https://www.youtube.com/embed/or7zb-pXbq8', 'youtube');
INSERT INTO public.ico_links (ico_id, links, links_key) VALUES (4199, 'https://twitter.com/ViRehab', 'twitter');
INSERT INTO public.ico_links (ico_id, links, links_key) VALUES (4199, 'https://github.com/ViRehab', 'github');
INSERT INTO public.ico_links (ico_id, links, links_key) VALUES (4199, 'https://www.virtualrehab.co/vr-new-uploads/White%20Paper.pdf', 'whitepaper');
INSERT INTO public.ico_links (ico_id, links, links_key) VALUES (4199, 'https://www.virtualrehab.co', 'www');
INSERT INTO public.ico_links (ico_id, links, links_key) VALUES (4199, '""', 'slack');
INSERT INTO public.ico_links (ico_id, links, links_key) VALUES (4199, 'https://www.facebook.com/ViRehab', 'facebook');
INSERT INTO public.ico_links (ico_id, links, links_key) VALUES (4199, 'https://t.me/virtualrehab', 'telegram');
INSERT INTO public.ico_links (ico_id, links, links_key) VALUES (4199, 'https://medium.com/@VirtualRehab', 'medium');
INSERT INTO public.ico_links (ico_id, links, links_key) VALUES (3478, 'https://www.youtube.com/embed/T9RXgQhHhCo', 'youtube');
INSERT INTO public.ico_links (ico_id, links, links_key) VALUES (3478, 'https://twitter.com/Zichain1/', 'twitter');
INSERT INTO public.ico_links (ico_id, links, links_key) VALUES (3478, 'https://github.com/ZichainEcosystem/ZCN-Zichain-ERC-20', 'github');
INSERT INTO public.ico_links (ico_id, links, links_key) VALUES (3478, 'https://zichain.io/pdf/Whitepaper.pdf', 'whitepaper');
INSERT INTO public.ico_links (ico_id, links, links_key) VALUES (3478, 'http://www.zichain.io/?utm_source=icobench', 'www');
INSERT INTO public.ico_links (ico_id, links, links_key) VALUES (3478, '""', 'slack');
INSERT INTO public.ico_links (ico_id, links, links_key) VALUES (3478, 'https://www.facebook.com/zichainecosystem/', 'facebook');
INSERT INTO public.ico_links (ico_id, links, links_key) VALUES (3478, 'https://t.me/Zichain_EN', 'telegram');
INSERT INTO public.ico_links (ico_id, links, links_key) VALUES (3478, 'https://medium.com/zichain', 'medium');
INSERT INTO public.ico_links (ico_id, links, links_key) VALUES (2299, 'https://www.youtube.com/embed/knYFD2OBxFI', 'youtube');
INSERT INTO public.ico_links (ico_id, links, links_key) VALUES (2299, 'https://twitter.com/AeternumICO', 'twitter');
INSERT INTO public.ico_links (ico_id, links, links_key) VALUES (2299, 'https://github.com/AeternumFoundation', 'github');
INSERT INTO public.ico_links (ico_id, links, links_key) VALUES (2299, 'https://www.aeternum.io/uploads/source/Aeternum_white_paper_1.2-0318-20180313101701.pdf', 'whitepaper');
INSERT INTO public.ico_links (ico_id, links, links_key) VALUES (2299, 'https://www.aeternum.io/en', 'www');
INSERT INTO public.ico_links (ico_id, links, links_key) VALUES (2299, '""', 'slack');
INSERT INTO public.ico_links (ico_id, links, links_key) VALUES (2299, 'https://www.facebook.com/bitlats/', 'facebook');
INSERT INTO public.ico_links (ico_id, links, links_key) VALUES (2299, 'https://t.me/AeternumICO', 'telegram');
INSERT INTO public.ico_links (ico_id, links, links_key) VALUES (2299, 'https://medium.com/@coinbitlats', 'medium');
INSERT INTO public.ico_links (ico_id, links, links_key) VALUES (2183, 'https://www.youtube.com/embed/wNiraAp8IHI', 'youtube');
INSERT INTO public.ico_links (ico_id, links, links_key) VALUES (2183, 'https://twitter.com/ArroundPlatform', 'twitter');
INSERT INTO public.ico_links (ico_id, links, links_key) VALUES (2183, 'https://github.com/ArroundPlatform', 'github');
INSERT INTO public.ico_links (ico_id, links, links_key) VALUES (2183, 'https://arround.io/content/file/arround-whitepaper-en.pdf', 'whitepaper');
INSERT INTO public.ico_links (ico_id, links, links_key) VALUES (2183, 'https://arround.io/', 'www');
INSERT INTO public.ico_links (ico_id, links, links_key) VALUES (2183, '""', 'slack');
INSERT INTO public.ico_links (ico_id, links, links_key) VALUES (2183, 'https://www.facebook.com/Arround-2052833448334195/', 'facebook');
INSERT INTO public.ico_links (ico_id, links, links_key) VALUES (2183, 'https://t.me/ArroundSupport', 'telegram');
INSERT INTO public.ico_links (ico_id, links, links_key) VALUES (2183, 'https://medium.com/@arroundsmm', 'medium');
INSERT INTO public.ico_links (ico_id, links, links_key) VALUES (3679, 'https://www.youtube.com/embed/xf8VKYGEB3w', 'youtube');
INSERT INTO public.ico_links (ico_id, links, links_key) VALUES (3679, 'https://twitter.com/BlackInsure', 'twitter');
INSERT INTO public.ico_links (ico_id, links, links_key) VALUES (3679, 'https://github.com/BlackInsurance', 'github');
INSERT INTO public.ico_links (ico_id, links, links_key) VALUES (3679, 'https://www.black.insure/whitepaper.pdf', 'whitepaper');
INSERT INTO public.ico_links (ico_id, links, links_key) VALUES (3679, 'https://www.black.insure/', 'www');
INSERT INTO public.ico_links (ico_id, links, links_key) VALUES (3679, '""', 'slack');
INSERT INTO public.ico_links (ico_id, links, links_key) VALUES (3679, 'https://www.facebook.com/blackinsure/', 'facebook');
INSERT INTO public.ico_links (ico_id, links, links_key) VALUES (3679, 'https://t.me/BlackInsurance', 'telegram');
INSERT INTO public.ico_links (ico_id, links, links_key) VALUES (3679, 'https://medium.com/blackinsurance', 'medium');
INSERT INTO public.ico_links (ico_id, links, links_key) VALUES (4634, 'https://player.vimeo.com/video/280874044', 'youtube');
INSERT INTO public.ico_links (ico_id, links, links_key) VALUES (4634, 'https://twitter.com/bqt_ico', 'twitter');
INSERT INTO public.ico_links (ico_id, links, links_key) VALUES (4634, 'https://github.com/bqtio/bqt', 'github');
INSERT INTO public.ico_links (ico_id, links, links_key) VALUES (4634, 'https://bqt.io/assets/pdf/whitepaper.pdf', 'whitepaper');
INSERT INTO public.ico_links (ico_id, links, links_key) VALUES (4634, 'https://bqt.io', 'www');
INSERT INTO public.ico_links (ico_id, links, links_key) VALUES (4634, '""', 'slack');
INSERT INTO public.ico_links (ico_id, links, links_key) VALUES (4634, 'https://www.facebook.com/BQTPROJECT/', 'facebook');
INSERT INTO public.ico_links (ico_id, links, links_key) VALUES (4634, 'https://t.me/BQTICO', 'telegram');
INSERT INTO public.ico_links (ico_id, links, links_key) VALUES (4634, 'https://medium.com/@REALIOU', 'medium');
INSERT INTO public.ico_links (ico_id, links, links_key) VALUES (3942, 'https://player.vimeo.com/video/291460019', 'youtube');
INSERT INTO public.ico_links (ico_id, links, links_key) VALUES (3942, 'https://twitter.com/cloudbric', 'twitter');
INSERT INTO public.ico_links (ico_id, links, links_key) VALUES (3942, 'https://github.com/Cloudbric-Project/Cloudbric-Contracts', 'github');
INSERT INTO public.ico_links (ico_id, links, links_key) VALUES (3942, 'https://ico.cloudbric.io/upload/file/Cloudbric_Whitepaper_EN.pdf', 'whitepaper');
INSERT INTO public.ico_links (ico_id, links, links_key) VALUES (3942, 'https://www.cloudbric.io/', 'www');
INSERT INTO public.ico_links (ico_id, links, links_key) VALUES (3942, '""', 'slack');
INSERT INTO public.ico_links (ico_id, links, links_key) VALUES (3942, 'http://www.facebook.com/cloudbric', 'facebook');
INSERT INTO public.ico_links (ico_id, links, links_key) VALUES (3942, 'https://t.me/cloudbric', 'telegram');
INSERT INTO public.ico_links (ico_id, links, links_key) VALUES (3942, 'https://medium.com/@cloudbric', 'medium');
INSERT INTO public.ico_links (ico_id, links, links_key) VALUES (4948, 'https://www.youtube.com/watch?v=VgEqwqz3_cE', 'youtube');
INSERT INTO public.ico_links (ico_id, links, links_key) VALUES (4948, 'https://twitter.com/cosquarecsq', 'twitter');
INSERT INTO public.ico_links (ico_id, links, links_key) VALUES (4948, 'https://github.com/cosquareCSQ', 'github');
INSERT INTO public.ico_links (ico_id, links, links_key) VALUES (4948, 'https://cosquare.io/pdf/cosquare_whitepaper_5.09.18.pdf', 'whitepaper');
INSERT INTO public.ico_links (ico_id, links, links_key) VALUES (4948, 'https://cosquare.io', 'www');
INSERT INTO public.ico_links (ico_id, links, links_key) VALUES (4948, '""', 'slack');
INSERT INTO public.ico_links (ico_id, links, links_key) VALUES (4948, 'https://www.facebook.com/cosquareCSQ-474562483063162/', 'facebook');
INSERT INTO public.ico_links (ico_id, links, links_key) VALUES (4948, 'https://t.me/cosquareCSQ', 'telegram');
INSERT INTO public.ico_links (ico_id, links, links_key) VALUES (4948, 'https://medium.com/cosquare', 'medium');





